Recette	Ingrédient	Espèce	Quantité 	Matière_sèche	Eau	Glucides	Lipides	Protéines	Diversité phylogénétique	Diversité phylogénétique pondérée	Indice de Shannon	Indice de Simpson	URL de la recette
Lasagnes végétariennes (facile)	Tomate	Solanum lycopersicum	700 g	82.6 g	88.2	8.53	0.2	2.05	91.2	15.57	1.46	0.35	https://www.marmiton.org/recettes/recette_lasagnes-vegetariennes-facile_10527.aspx
Lasagnes végétariennes (facile)	Courgette	Cucurbita pepo	500 g	26.5 g	94.7	1.8	0.26	1.23	91.2	15.57	1.46	0.35	https://www.marmiton.org/recettes/recette_lasagnes-vegetariennes-facile_10527.aspx
Lasagnes végétariennes (facile)	Poivre	Piper nigrum	1 g	0.91 g	9	39.5	7.5	13.3	91.2	15.57	1.46	0.35	https://www.marmiton.org/recettes/recette_lasagnes-vegetariennes-facile_10527.aspx
Lasagnes végétariennes (facile)	Sel	Piper nigrum	1 g	1.0 g	0.027	0	0	0	91.2	15.57	1.46	0.35	https://www.marmiton.org/recettes/recette_lasagnes-vegetariennes-facile_10527.aspx
Lasagnes végétariennes (facile)	Herbes de provence	Piper nigrum	3 g	2.79 g	7.1	23	7.2	11.5	91.2	15.57	1.46	0.35	https://www.marmiton.org/recettes/recette_lasagnes-vegetariennes-facile_10527.aspx
Lasagnes végétariennes (facile)	Lasagnes	Piper nigrum	200 g	63.8 g	68.1	23	2	4.57	91.2	15.57	1.46	0.35	https://www.marmiton.org/recettes/recette_lasagnes-vegetariennes-facile_10527.aspx
Lasagnes végétariennes (facile)	Basilic frais	Ocimum basilicum	5 g	0.42 g	91.7	2.55	0.47	3.35	91.2	15.57	1.46	0.35	https://www.marmiton.org/recettes/recette_lasagnes-vegetariennes-facile_10527.aspx
Lasagnes végétariennes (facile)	Gruyère râpé	Ocimum basilicum	50 g	33.75 g	32.5	NA	34.6	28.4	91.2	15.57	1.46	0.35	https://www.marmiton.org/recettes/recette_lasagnes-vegetariennes-facile_10527.aspx
Lasagnes végétariennes (facile)	Coulis de tomate	Solanum lycopersicum	200 g	23.6 g	88.2	8.53	0.2	2.05	91.2	15.57	1.46	0.35	https://www.marmiton.org/recettes/recette_lasagnes-vegetariennes-facile_10527.aspx
Lasagnes végétariennes (facile)	Oignon	Allium cepa	400 g	41.6 g	89.6	6.25	0.62	1.1	91.2	15.57	1.46	0.35	https://www.marmiton.org/recettes/recette_lasagnes-vegetariennes-facile_10527.aspx
Lasagnes végétariennes (facile)	Béchamel	Allium cepa	50 cl	125.5 g	74.9	8.97	10.6	3.84	91.2	15.57	1.46	0.35	https://www.marmiton.org/recettes/recette_lasagnes-vegetariennes-facile_10527.aspx
Hachis parmentier végétarien	Poireau	Allium ampeloprasum	140 g	17.36 g	87.6	4.9	0.25	1.49	165.0	17.64	2.09	0.29	https://www.marmiton.org/recettes/recette_hachis-parmentier-vegetarien_14594.aspx
Hachis parmentier végétarien	Navet	Allium ampeloprasum	200 g	16.2 g	91.9	4.7	0.1	0.76	165.0	17.64	2.09	0.29	https://www.marmiton.org/recettes/recette_hachis-parmentier-vegetarien_14594.aspx
Hachis parmentier végétarien	Carotte	Daucus carota	240 g	28.56 g	88.1	7.59	 0.5	0.63	165.0	17.64	2.09	0.29	https://www.marmiton.org/recettes/recette_hachis-parmentier-vegetarien_14594.aspx
Hachis parmentier végétarien	Céleri	Apium graveolens	50 g	3.3 g	93.4	2.41	 0.5	0.63	165.0	17.64	2.09	0.29	https://www.marmiton.org/recettes/recette_hachis-parmentier-vegetarien_14594.aspx
Hachis parmentier végétarien	Champignon de paris	Dikarya	100 g	6.1 g	93.9	3.15	0.36	2.62	165.0	17.64	2.09	0.29	https://www.marmiton.org/recettes/recette_hachis-parmentier-vegetarien_14594.aspx
Hachis parmentier végétarien	Oignon	Allium cepa	240 g	24.96 g	89.6	6.25	0.62	1.1	165.0	17.64	2.09	0.29	https://www.marmiton.org/recettes/recette_hachis-parmentier-vegetarien_14594.aspx
Hachis parmentier végétarien	Ail	Allium sativum	40 g	12.88 g	67.8	18.6	 0.5	5.31	165.0	17.64	2.09	0.29	https://www.marmiton.org/recettes/recette_hachis-parmentier-vegetarien_14594.aspx
Hachis parmentier végétarien	Sauce soja	Glycine max	15 g	4.66 g	68.9	3.64	0.1	7.08	165.0	17.64	2.09	0.29	https://www.marmiton.org/recettes/recette_hachis-parmentier-vegetarien_14594.aspx
Hachis parmentier végétarien	Persil	Petroselinum crispum	4 g	0.58 g	85.5	3.48	0.63	3.71	165.0	17.64	2.09	0.29	https://www.marmiton.org/recettes/recette_hachis-parmentier-vegetarien_14594.aspx
Hachis parmentier végétarien	Pain de mie	Petroselinum crispum	50 g	32.3 g	35.4	43.7	4.06	8.51	165.0	17.64	2.09	0.29	https://www.marmiton.org/recettes/recette_hachis-parmentier-vegetarien_14594.aspx
Hachis parmentier végétarien	Huile d'olive	Olea europaea	30 g	29.97 g	0.1	0	99.9	 0.5	165.0	17.64	2.09	0.29	https://www.marmiton.org/recettes/recette_hachis-parmentier-vegetarien_14594.aspx
Curry de légumes végétarien	Courgette	Cucurbita pepo	250 g	13.25 g	94.7	1.8	0.26	1.23	177.6	16.73	2.28	1.1	https://www.marmiton.org/recettes/recette_curry-de-legumes-vegetarien_88522.aspx
Curry de légumes végétarien	Ail	Allium sativum	120 g	38.64 g	67.8	18.6	 0.5	5.31	177.6	16.73	2.28	1.1	https://www.marmiton.org/recettes/recette_curry-de-legumes-vegetarien_88522.aspx
Curry de légumes végétarien	Concentré de tomates	Solanum lycopersicum	30 g	8.4 g	72	17.1	0.53	4.4	177.6	16.73	2.28	1.1	https://www.marmiton.org/recettes/recette_curry-de-legumes-vegetarien_88522.aspx
Curry de légumes végétarien	Cumin	Cuminum cyminum	15 g	13.79 g	8.06	33.7	22.3	17.8	177.6	16.73	2.28	1.1	https://www.marmiton.org/recettes/recette_curry-de-legumes-vegetarien_88522.aspx
Curry de légumes végétarien	Basilic	Ocimum basilicum	5 g	0.42 g	91.7	2.55	0.47	3.35	177.6	16.73	2.28	1.1	https://www.marmiton.org/recettes/recette_curry-de-legumes-vegetarien_88522.aspx
Curry de légumes végétarien	Poivre	Piper nigrum	1 g	0.91 g	9	39.5	7.5	13.3	177.6	16.73	2.28	1.1	https://www.marmiton.org/recettes/recette_curry-de-legumes-vegetarien_88522.aspx
Curry de légumes végétarien	Sel	Piper nigrum	1 g	1.0 g	0.027	0	0	0	177.6	16.73	2.28	1.1	https://www.marmiton.org/recettes/recette_curry-de-legumes-vegetarien_88522.aspx
Curry de légumes végétarien	Patate douce	Ipomoea batatas	150 g	55.35 g	63.1	19.3	NA	NA	177.6	16.73	2.28	1.1	https://www.marmiton.org/recettes/recette_curry-de-legumes-vegetarien_88522.aspx
Curry de légumes végétarien	Échalote	Allium ascalonicum	120 g	21.24 g	82.3	12.2	 0.5	1.81	177.6	16.73	2.28	1.1	https://www.marmiton.org/recettes/recette_curry-de-legumes-vegetarien_88522.aspx
Curry de légumes végétarien	Crème de coco	Cocos nucifera	30 cl	74.7 g	75.1	3.4	18.4	1.77	177.6	16.73	2.28	1.1	https://www.marmiton.org/recettes/recette_curry-de-legumes-vegetarien_88522.aspx
Curry de légumes végétarien	Pâte de curry	Cocos nucifera	50 g	NA	NA	NA	NA	NA	177.6	16.73	2.28	1.1	https://www.marmiton.org/recettes/recette_curry-de-legumes-vegetarien_88522.aspx
Curry de légumes végétarien	Citron vert	Citrus aurantiifolia	30 g	4.11 g	86.3	3.14	 0.3	1.13	177.6	16.73	2.28	1.1	https://www.marmiton.org/recettes/recette_curry-de-legumes-vegetarien_88522.aspx
Curry de légumes végétarien	Petit piment	Capsicum annuum	20 g	2.42 g	87.9	7.7	0.32	1.87	177.6	16.73	2.28	1.1	https://www.marmiton.org/recettes/recette_curry-de-legumes-vegetarien_88522.aspx
Hamburger Végétarien 	Farine	Triticum aestivum	30 g	26.25 g	12.5	73.7	1	9.03	183.6	31.84	1.5	0.3	https://www.marmiton.org/recettes/recette_hamburger-vegetarien_19445.aspx
Hamburger Végétarien 	Épices	Triticum aestivum	3 g	NA	NA	NA	NA	NA	183.6	31.84	1.5	0.3	https://www.marmiton.org/recettes/recette_hamburger-vegetarien_19445.aspx
Hamburger Végétarien 	Petits pois	Pisum sativum	200 g	41.6 g	79.2	7	0.55	5.84	183.6	31.84	1.5	0.3	https://www.marmiton.org/recettes/recette_hamburger-vegetarien_19445.aspx
Hamburger Végétarien 	Oignon	Allium cepa	120 g	12.48 g	89.6	6.25	0.62	1.1	183.6	31.84	1.5	0.3	https://www.marmiton.org/recettes/recette_hamburger-vegetarien_19445.aspx
Hamburger Végétarien 	Oeuf	Gallus gallus	80 g	18.96 g	76.3	0.27	9.83	12.7	183.6	31.84	1.5	0.3	https://www.marmiton.org/recettes/recette_hamburger-vegetarien_19445.aspx
Hamburger Végétarien 	Chapelure	Gallus gallus	50 g	46.35 g	7.29	70	3.77	11.6	183.6	31.84	1.5	0.3	https://www.marmiton.org/recettes/recette_hamburger-vegetarien_19445.aspx
Hamburger Végétarien 	Salade	Lactuca sativa	70 g	2.73 g	96.1	1.5	0.1	1.01	183.6	31.84	1.5	0.3	https://www.marmiton.org/recettes/recette_hamburger-vegetarien_19445.aspx
Hamburger Végétarien 	Toastinette	Lactuca sativa	120 g	75.48 g	37.1	NA	33.8	24	183.6	31.84	1.5	0.3	https://www.marmiton.org/recettes/recette_hamburger-vegetarien_19445.aspx
Hamburger Végétarien 	Mayonnaise	Lactuca sativa	50 g	40.95 g	18.1	2.62	75.2	1.36	183.6	31.84	1.5	0.3	https://www.marmiton.org/recettes/recette_hamburger-vegetarien_19445.aspx
Hamburger Végétarien 	Pain pour hamburger	Lactuca sativa	300 g	207.3 g	30.9	49.7	5.35	9.07	183.6	31.84	1.5	0.3	https://www.marmiton.org/recettes/recette_hamburger-vegetarien_19445.aspx
Hamburger Végétarien 	Cornichons	Cucumis sativus	50 g	3.15 g	93.7	0.78	 0.6	1.06	183.6	31.84	1.5	0.3	https://www.marmiton.org/recettes/recette_hamburger-vegetarien_19445.aspx
Tourte de Noël végétarienne de Coralie	Gingembre	Zingiber officinale	5 g	4.5 g	9.94	58.3	4.24	8.98	343.54	22.93	2.31	2.54	https://www.marmiton.org/recettes/recette_tourte-de-noel-vegetarienne-de-coralie_15536.aspx
Tourte de Noël végétarienne de Coralie	Tomate	Solanum lycopersicum	200 g	23.6 g	88.2	8.53	0.2	2.05	343.54	22.93	2.31	2.54	https://www.marmiton.org/recettes/recette_tourte-de-noel-vegetarienne-de-coralie_15536.aspx
Tourte de Noël végétarienne de Coralie	Sucre en poudre	Saccharum	5 g	4.99 g	0.17	99.8	0	0	343.54	22.93	2.31	2.54	https://www.marmiton.org/recettes/recette_tourte-de-noel-vegetarienne-de-coralie_15536.aspx
Tourte de Noël végétarienne de Coralie	Vinaigre balsamique	Vitis	30 g	8.91 g	70.3	25.8	 0.6	0.69	343.54	22.93	2.31	2.54	https://www.marmiton.org/recettes/recette_tourte-de-noel-vegetarienne-de-coralie_15536.aspx
Tourte de Noël végétarienne de Coralie	Huile d'olive	Olea europaea	30 g	29.97 g	0.1	0	99.9	 0.5	343.54	22.93	2.31	2.54	https://www.marmiton.org/recettes/recette_tourte-de-noel-vegetarienne-de-coralie_15536.aspx
Tourte de Noël végétarienne de Coralie	Madère	Olea europaea	12 cl	NA	NA	3.6	2.2	0.6	343.54	22.93	2.31	2.54	https://www.marmiton.org/recettes/recette_tourte-de-noel-vegetarienne-de-coralie_15536.aspx
Tourte de Noël végétarienne de Coralie	Champignon	Dikarya	275 g	16.77 g	93.9	3.15	0.36	2.62	343.54	22.93	2.31	2.54	https://www.marmiton.org/recettes/recette_tourte-de-noel-vegetarienne-de-coralie_15536.aspx
Tourte de Noël végétarienne de Coralie	Coriandre	Coriandrum sativum	2 g	1.82 g	8.88	13	17.8	12.4	343.54	22.93	2.31	2.54	https://www.marmiton.org/recettes/recette_tourte-de-noel-vegetarienne-de-coralie_15536.aspx
Tourte de Noël végétarienne de Coralie	Cannelle	Cinnamomum verum	2 g	1.79 g	10.6	27.5	1.22	3.87	343.54	22.93	2.31	2.54	https://www.marmiton.org/recettes/recette_tourte-de-noel-vegetarienne-de-coralie_15536.aspx
Tourte de Noël végétarienne de Coralie	Thym	Thymus vulgaris	2 g	0.7 g	65.1	10.5	1.68	5.56	343.54	22.93	2.31	2.54	https://www.marmiton.org/recettes/recette_tourte-de-noel-vegetarienne-de-coralie_15536.aspx
Tourte de Noël végétarienne de Coralie	Miel	Thymus vulgaris	30 g	24.72 g	17.6	81.7	0	0.56	343.54	22.93	2.31	2.54	https://www.marmiton.org/recettes/recette_tourte-de-noel-vegetarienne-de-coralie_15536.aspx
Tourte de Noël végétarienne de Coralie	Pâte feuilletée	Thymus vulgaris	400 g	282.0 g	29.5	41.4	20.4	5.41	343.54	22.93	2.31	2.54	https://www.marmiton.org/recettes/recette_tourte-de-noel-vegetarienne-de-coralie_15536.aspx
Tourte de Noël végétarienne de Coralie	Marrons	Castanea	400 g	149.2 g	62.7	28.8	1.4	1.96	343.54	22.93	2.31	2.54	https://www.marmiton.org/recettes/recette_tourte-de-noel-vegetarienne-de-coralie_15536.aspx
Tourte de Noël végétarienne de Coralie	Épinards	Spinacia oleracea	250 g	21.0 g	91.6	2.25	0.5	2.62	343.54	22.93	2.31	2.54	https://www.marmiton.org/recettes/recette_tourte-de-noel-vegetarienne-de-coralie_15536.aspx
Tourte de Noël végétarienne de Coralie	Échalote	Allium ascalonicum	80 g	14.16 g	82.3	12.2	 0.5	1.81	343.54	22.93	2.31	2.54	https://www.marmiton.org/recettes/recette_tourte-de-noel-vegetarienne-de-coralie_15536.aspx
Tourte de Noël végétarienne de Coralie	Beurre	Bos taurus	20 g	16.92 g	15.4	0.9	82.9	0.7	343.54	22.93	2.31	2.54	https://www.marmiton.org/recettes/recette_tourte-de-noel-vegetarienne-de-coralie_15536.aspx
Tourte de Noël végétarienne de Coralie	Oeuf	Gallus gallus	80 g	18.96 g	76.3	0.27	9.83	12.7	343.54	22.93	2.31	2.54	https://www.marmiton.org/recettes/recette_tourte-de-noel-vegetarienne-de-coralie_15536.aspx
Paëlla végétarienne	Champignon	Dikarya	250 g	15.25 g	93.9	3.15	0.36	2.62	224.0	17.62	1.27	4.38	https://www.marmiton.org/recettes/recette_paella-vegetarienne_47534.aspx
Paëlla végétarienne	Ail	Allium sativum	80 g	25.76 g	67.8	18.6	 0.5	5.31	224.0	17.62	1.27	4.38	https://www.marmiton.org/recettes/recette_paella-vegetarienne_47534.aspx
Paëlla végétarienne	Tomates concassées	Solanum lycopersicum	200 g	11.8 g	94.1	2.49	0.26	0.86	224.0	17.62	1.27	4.38	https://www.marmiton.org/recettes/recette_paella-vegetarienne_47534.aspx
Paëlla végétarienne	Noix de cajou	Anacardium occidentale	150 g	147.74 g	1.51	26.7	49.5	15.2	224.0	17.62	1.27	4.38	https://www.marmiton.org/recettes/recette_paella-vegetarienne_47534.aspx
Paëlla végétarienne	Safran	Crocus sativus	1 g	0.88 g	11.9	61.5	5.85	11.4	224.0	17.62	1.27	4.38	https://www.marmiton.org/recettes/recette_paella-vegetarienne_47534.aspx
Paëlla végétarienne	Poivre	Piper nigrum	1 g	0.91 g	9	39.5	7.5	13.3	224.0	17.62	1.27	4.38	https://www.marmiton.org/recettes/recette_paella-vegetarienne_47534.aspx
Paëlla végétarienne	Sel	Piper nigrum	1 g	1.0 g	0.027	0	0	0	224.0	17.62	1.27	4.38	https://www.marmiton.org/recettes/recette_paella-vegetarienne_47534.aspx
Paëlla végétarienne	Riz rond	Oryza	350 g	138.6 g	60.4	32.6	1	3.21	224.0	17.62	1.27	4.38	https://www.marmiton.org/recettes/recette_paella-vegetarienne_47534.aspx
Paëlla végétarienne	Oignon	Allium cepa	240 g	24.96 g	89.6	6.25	0.62	1.1	224.0	17.62	1.27	4.38	https://www.marmiton.org/recettes/recette_paella-vegetarienne_47534.aspx
Paëlla végétarienne	Petits pois	Pisum sativum	150 g	31.2 g	79.2	7	0.55	5.84	224.0	17.62	1.27	4.38	https://www.marmiton.org/recettes/recette_paella-vegetarienne_47534.aspx
Paëlla végétarienne	Haricots verts	Phaseolus vulgaris	80 g	7.68 g	90.4	4.14	0.21	1.85	224.0	17.62	1.27	4.38	https://www.marmiton.org/recettes/recette_paella-vegetarienne_47534.aspx
Paëlla végétarienne	Poivron rouge	Capsicum annuum	100 g	9.8 g	90.2	5.98	 0.5	1.06	224.0	17.62	1.27	4.38	https://www.marmiton.org/recettes/recette_paella-vegetarienne_47534.aspx
Paëlla végétarienne	Poivron vert	Capsicum annuum	100 g	7.0 g	93	3.43	 0.5	0.81	224.0	17.62	1.27	4.38	https://www.marmiton.org/recettes/recette_paella-vegetarienne_47534.aspx
Paëlla végétarienne	Poivre de cayenne	Piper nigrum	1 g	0.92 g	8.05	29.4	17.3	12	224.0	17.62	1.27	4.38	https://www.marmiton.org/recettes/recette_paella-vegetarienne_47534.aspx
Ragoût végétarien aux légumes	Carotte	Daucus carota	320 g	38.08 g	88.1	7.59	 0.5	0.63	196.4	17.85	2.47	0.83	https://www.marmiton.org/recettes/recette_ragout-vegetarien-aux-legumes_65191.aspx
Ragoût végétarien aux légumes	Ail	Allium sativum	160 g	51.52 g	67.8	18.6	 0.5	5.31	196.4	17.85	2.47	0.83	https://www.marmiton.org/recettes/recette_ragout-vegetarien-aux-legumes_65191.aspx
Ragoût végétarien aux légumes	Champignon de paris	Dikarya	200 g	12.2 g	93.9	3.15	0.36	2.62	196.4	17.85	2.47	0.83	https://www.marmiton.org/recettes/recette_ragout-vegetarien-aux-legumes_65191.aspx
Ragoût végétarien aux légumes	Olives	Olea europaea	200 g	48.4 g	75.8	NA	15.7	1.31	196.4	17.85	2.47	0.83	https://www.marmiton.org/recettes/recette_ragout-vegetarien-aux-legumes_65191.aspx
Ragoût végétarien aux légumes	Maïs	Zea mays	100 g	24.6 g	75.4	18.4	1.68	2.82	196.4	17.85	2.47	0.83	https://www.marmiton.org/recettes/recette_ragout-vegetarien-aux-legumes_65191.aspx
Ragoût végétarien aux légumes	Bouillon	Zea mays	NA 	NA	2.6	19.7	13.3	10.2	196.4	17.85	2.47	0.83	https://www.marmiton.org/recettes/recette_ragout-vegetarien-aux-legumes_65191.aspx
Ragoût végétarien aux légumes	Eau	Zea mays	25 cl	31.0 g	87.6	4.9	0.25	1.49	196.4	17.85	2.47	0.83	https://www.marmiton.org/recettes/recette_ragout-vegetarien-aux-legumes_65191.aspx
Ragoût végétarien aux légumes	Thym	Thymus vulgaris	3 g	1.05 g	65.1	10.5	1.68	5.56	196.4	17.85	2.47	0.83	https://www.marmiton.org/recettes/recette_ragout-vegetarien-aux-legumes_65191.aspx
Ragoût végétarien aux légumes	Persil	Petroselinum crispum	3 g	0.44 g	85.5	3.48	0.63	3.71	196.4	17.85	2.47	0.83	https://www.marmiton.org/recettes/recette_ragout-vegetarien-aux-legumes_65191.aspx
Ragoût végétarien aux légumes	Poivre	Piper nigrum	1 g	0.91 g	9	39.5	7.5	13.3	196.4	17.85	2.47	0.83	https://www.marmiton.org/recettes/recette_ragout-vegetarien-aux-legumes_65191.aspx
Ragoût végétarien aux légumes	Basilic	Ocimum basilicum	3 g	0.25 g	91.7	2.55	0.47	3.35	196.4	17.85	2.47	0.83	https://www.marmiton.org/recettes/recette_ragout-vegetarien-aux-legumes_65191.aspx
Ragoût végétarien aux légumes	Herbes de provence	Ocimum basilicum	3 g	2.79 g	7.1	23	7.2	11.5	196.4	17.85	2.47	0.83	https://www.marmiton.org/recettes/recette_ragout-vegetarien-aux-legumes_65191.aspx
Ragoût végétarien aux légumes	Oignon	Allium cepa	240 g	24.96 g	89.6	6.25	0.62	1.1	196.4	17.85	2.47	0.83	https://www.marmiton.org/recettes/recette_ragout-vegetarien-aux-legumes_65191.aspx
Ragoût végétarien aux légumes	Citrouille	Cucurbita maxima	250 g	21.0 g	91.6	6	0.1	1	196.4	17.85	2.47	0.83	https://www.marmiton.org/recettes/recette_ragout-vegetarien-aux-legumes_65191.aspx
Ragoût végétarien aux légumes	Crème liquide	Cucurbita maxima	50 cl	160.0 g	68	2.87	26	2.88	196.4	17.85	2.47	0.83	https://www.marmiton.org/recettes/recette_ragout-vegetarien-aux-legumes_65191.aspx
Tartare végétarien de betteraves rouges au fromage de chèvre	Persil	Petroselinum crispum	15 g	2.18 g	85.5	3.48	0.63	3.71	78.0	14.86	0.67	1.18	https://www.marmiton.org/recettes/recette_tartare-vegetarien-de-betteraves-rouges-au-fromage-de-chevre_31529.aspx
Tartare végétarien de betteraves rouges au fromage de chèvre	Tabasco	Petroselinum crispum	5 cl	NA	NA	NA	NA	NA	78.0	14.86	0.67	1.18	https://www.marmiton.org/recettes/recette_tartare-vegetarien-de-betteraves-rouges-au-fromage-de-chevre_31529.aspx
Tartare végétarien de betteraves rouges au fromage de chèvre	Huile d'olive	Olea europaea	1 dl	100.9 g	0.1	0	99.9	 0.5	78.0	14.86	0.67	1.18	https://www.marmiton.org/recettes/recette_tartare-vegetarien-de-betteraves-rouges-au-fromage-de-chevre_31529.aspx
Tartare végétarien de betteraves rouges au fromage de chèvre	Sel	Olea europaea	1 g	1.0 g	0.027	0	0	0	78.0	14.86	0.67	1.18	https://www.marmiton.org/recettes/recette_tartare-vegetarien-de-betteraves-rouges-au-fromage-de-chevre_31529.aspx
Tartare végétarien de betteraves rouges au fromage de chèvre	Poivre	Piper nigrum	1 g	0.91 g	9	39.5	7.5	13.3	78.0	14.86	0.67	1.18	https://www.marmiton.org/recettes/recette_tartare-vegetarien-de-betteraves-rouges-au-fromage-de-chevre_31529.aspx
Tartare végétarien de betteraves rouges au fromage de chèvre	Betterave	Beta vulgaris	300 g	39.9 g	86.7	9.1	0.24	1.74	78.0	14.86	0.67	1.18	https://www.marmiton.org/recettes/recette_tartare-vegetarien-de-betteraves-rouges-au-fromage-de-chevre_31529.aspx
Tartare végétarien de betteraves rouges au fromage de chèvre	Fromage de chèvre	Beta vulgaris	150 g	NA	NA	NA	NA	NA	78.0	14.86	0.67	1.18	https://www.marmiton.org/recettes/recette_tartare-vegetarien-de-betteraves-rouges-au-fromage-de-chevre_31529.aspx
Tartare végétarien de betteraves rouges au fromage de chèvre	Mayonnaise	Beta vulgaris	75 g	61.42 g	18.1	2.62	75.2	1.36	78.0	14.86	0.67	1.18	https://www.marmiton.org/recettes/recette_tartare-vegetarien-de-betteraves-rouges-au-fromage-de-chevre_31529.aspx
Tartare végétarien de betteraves rouges au fromage de chèvre	Échalote	Allium ascalonicum	40 g	7.08 g	82.3	12.2	 0.5	1.81	78.0	14.86	0.67	1.18	https://www.marmiton.org/recettes/recette_tartare-vegetarien-de-betteraves-rouges-au-fromage-de-chevre_31529.aspx
Tartare végétarien de betteraves rouges au fromage de chèvre	Vinaigre de xérès	Allium ascalonicum	15 g	1.28 g	91.5	NA	0	 0.5	78.0	14.86	0.67	1.18	https://www.marmiton.org/recettes/recette_tartare-vegetarien-de-betteraves-rouges-au-fromage-de-chevre_31529.aspx
Burger végétarien aux lentilles	Carotte	Daucus carota	100 g	11.9 g	88.1	7.59	 0.5	0.63	215.5	26.27	1.81	0.18	https://www.marmiton.org/recettes/recette_burger-vegetarien-aux-lentilles_345408.aspx
Burger végétarien aux lentilles	Ail	Allium sativum	40 g	12.88 g	67.8	18.6	 0.5	5.31	215.5	26.27	1.81	0.18	https://www.marmiton.org/recettes/recette_burger-vegetarien-aux-lentilles_345408.aspx
Burger végétarien aux lentilles	Huile d'olive	Olea europaea	30 g	29.97 g	0.1	0	99.9	 0.5	215.5	26.27	1.81	0.18	https://www.marmiton.org/recettes/recette_burger-vegetarien-aux-lentilles_345408.aspx
Burger végétarien aux lentilles	Cumin	Cuminum cyminum	5 g	4.6 g	8.06	33.7	22.3	17.8	215.5	26.27	1.81	0.18	https://www.marmiton.org/recettes/recette_burger-vegetarien-aux-lentilles_345408.aspx
Burger végétarien aux lentilles	Concentré de tomates	Solanum lycopersicum	15 g	4.2 g	72	17.1	0.53	4.4	215.5	26.27	1.81	0.18	https://www.marmiton.org/recettes/recette_burger-vegetarien-aux-lentilles_345408.aspx
Burger végétarien aux lentilles	Ketchup	Solanum lycopersicum	30 g	8.67 g	71.1	21.4	0.19	1.27	215.5	26.27	1.81	0.18	https://www.marmiton.org/recettes/recette_burger-vegetarien-aux-lentilles_345408.aspx
Burger végétarien aux lentilles	Sel	Solanum lycopersicum	1 g	1.0 g	0.027	0	0	0	215.5	26.27	1.81	0.18	https://www.marmiton.org/recettes/recette_burger-vegetarien-aux-lentilles_345408.aspx
Burger végétarien aux lentilles	Poivre	Piper nigrum	1 g	0.91 g	9	39.5	7.5	13.3	215.5	26.27	1.81	0.18	https://www.marmiton.org/recettes/recette_burger-vegetarien-aux-lentilles_345408.aspx
Burger végétarien aux lentilles	Oignon	Allium cepa	120 g	12.48 g	89.6	6.25	0.62	1.1	215.5	26.27	1.81	0.18	https://www.marmiton.org/recettes/recette_burger-vegetarien-aux-lentilles_345408.aspx
Burger végétarien aux lentilles	Oeuf	Gallus gallus	80 g	18.96 g	76.3	0.27	9.83	12.7	215.5	26.27	1.81	0.18	https://www.marmiton.org/recettes/recette_burger-vegetarien-aux-lentilles_345408.aspx
Burger végétarien aux lentilles	Chapelure	Gallus gallus	60 g	55.63 g	7.29	70	3.77	11.6	215.5	26.27	1.81	0.18	https://www.marmiton.org/recettes/recette_burger-vegetarien-aux-lentilles_345408.aspx
Burger végétarien aux lentilles	Salade	Lactuca sativa	20 g	0.78 g	96.1	1.5	0.1	1.01	215.5	26.27	1.81	0.18	https://www.marmiton.org/recettes/recette_burger-vegetarien-aux-lentilles_345408.aspx
Burger végétarien aux lentilles	Comté	Lactuca sativa	60 g	40.08 g	33.2	NA	34.6	27.2	215.5	26.27	1.81	0.18	https://www.marmiton.org/recettes/recette_burger-vegetarien-aux-lentilles_345408.aspx
Burger végétarien aux lentilles	Pain pour hamburger	Lactuca sativa	200 g	138.2 g	30.9	49.7	5.35	9.07	215.5	26.27	1.81	0.18	https://www.marmiton.org/recettes/recette_burger-vegetarien-aux-lentilles_345408.aspx
Burger végétarien aux lentilles	Mayonnaise	Lactuca sativa	30 g	24.57 g	18.1	2.62	75.2	1.36	215.5	26.27	1.81	0.18	https://www.marmiton.org/recettes/recette_burger-vegetarien-aux-lentilles_345408.aspx
Tarte provençale fine, light, végétarienne, économique, rapide	Carotte	Daucus carota	100 g	11.9 g	88.1	7.59	 0.5	0.63	215.5	26.27	1.81	0.18	https://www.marmiton.org/recettes/recette_tarte-provencale-fine-light-vegetarienne-economique-rapide_38642.aspx
Tarte provençale fine, light, végétarienne, économique, rapide	Ail	Allium sativum	40 g	12.88 g	67.8	18.6	 0.5	5.31	215.5	26.27	1.81	0.18	https://www.marmiton.org/recettes/recette_tarte-provencale-fine-light-vegetarienne-economique-rapide_38642.aspx
Tarte provençale fine, light, végétarienne, économique, rapide	Huile d'olive	Olea europaea	30 g	29.97 g	0.1	0	99.9	 0.5	215.5	26.27	1.81	0.18	https://www.marmiton.org/recettes/recette_tarte-provencale-fine-light-vegetarienne-economique-rapide_38642.aspx
Tarte provençale fine, light, végétarienne, économique, rapide	Cumin	Cuminum cyminum	5 g	4.6 g	8.06	33.7	22.3	17.8	215.5	26.27	1.81	0.18	https://www.marmiton.org/recettes/recette_tarte-provencale-fine-light-vegetarienne-economique-rapide_38642.aspx
Tarte provençale fine, light, végétarienne, économique, rapide	Concentré de tomates	Solanum lycopersicum	15 g	4.2 g	72	17.1	0.53	4.4	215.5	26.27	1.81	0.18	https://www.marmiton.org/recettes/recette_tarte-provencale-fine-light-vegetarienne-economique-rapide_38642.aspx
Tarte provençale fine, light, végétarienne, économique, rapide	Ketchup	Solanum lycopersicum	30 g	8.67 g	71.1	21.4	0.19	1.27	215.5	26.27	1.81	0.18	https://www.marmiton.org/recettes/recette_tarte-provencale-fine-light-vegetarienne-economique-rapide_38642.aspx
Tarte provençale fine, light, végétarienne, économique, rapide	Sel	Solanum lycopersicum	1 g	1.0 g	0.027	0	0	0	215.5	26.27	1.81	0.18	https://www.marmiton.org/recettes/recette_tarte-provencale-fine-light-vegetarienne-economique-rapide_38642.aspx
Tarte provençale fine, light, végétarienne, économique, rapide	Poivre	Piper nigrum	1 g	0.91 g	9	39.5	7.5	13.3	215.5	26.27	1.81	0.18	https://www.marmiton.org/recettes/recette_tarte-provencale-fine-light-vegetarienne-economique-rapide_38642.aspx
Tarte provençale fine, light, végétarienne, économique, rapide	Oignon	Allium cepa	120 g	12.48 g	89.6	6.25	0.62	1.1	215.5	26.27	1.81	0.18	https://www.marmiton.org/recettes/recette_tarte-provencale-fine-light-vegetarienne-economique-rapide_38642.aspx
Tarte provençale fine, light, végétarienne, économique, rapide	Oeuf	Gallus gallus	80 g	18.96 g	76.3	0.27	9.83	12.7	215.5	26.27	1.81	0.18	https://www.marmiton.org/recettes/recette_tarte-provencale-fine-light-vegetarienne-economique-rapide_38642.aspx
Tarte provençale fine, light, végétarienne, économique, rapide	Chapelure	Gallus gallus	60 g	55.63 g	7.29	70	3.77	11.6	215.5	26.27	1.81	0.18	https://www.marmiton.org/recettes/recette_tarte-provencale-fine-light-vegetarienne-economique-rapide_38642.aspx
Tarte provençale fine, light, végétarienne, économique, rapide	Salade	Lactuca sativa	20 g	0.78 g	96.1	1.5	0.1	1.01	215.5	26.27	1.81	0.18	https://www.marmiton.org/recettes/recette_tarte-provencale-fine-light-vegetarienne-economique-rapide_38642.aspx
Tarte provençale fine, light, végétarienne, économique, rapide	Comté	Lactuca sativa	60 g	40.08 g	33.2	NA	34.6	27.2	215.5	26.27	1.81	0.18	https://www.marmiton.org/recettes/recette_tarte-provencale-fine-light-vegetarienne-economique-rapide_38642.aspx
Tarte provençale fine, light, végétarienne, économique, rapide	Pain pour hamburger	Lactuca sativa	200 g	138.2 g	30.9	49.7	5.35	9.07	215.5	26.27	1.81	0.18	https://www.marmiton.org/recettes/recette_tarte-provencale-fine-light-vegetarienne-economique-rapide_38642.aspx
Tarte provençale fine, light, végétarienne, économique, rapide	Mayonnaise	Lactuca sativa	30 g	24.57 g	18.1	2.62	75.2	1.36	215.5	26.27	1.81	0.18	https://www.marmiton.org/recettes/recette_tarte-provencale-fine-light-vegetarienne-economique-rapide_38642.aspx
Nems végétariens	Carotte	Daucus carota	360 g	42.84 g	88.1	7.59	 0.5	0.63	198.0	17.89	2.54	1.45	https://www.marmiton.org/recettes/recette_nems-vegetariens_26829.aspx
Nems végétariens	Ail	Allium sativum	120 g	38.64 g	67.8	18.6	 0.5	5.31	198.0	17.89	2.54	1.45	https://www.marmiton.org/recettes/recette_nems-vegetariens_26829.aspx
Nems végétariens	Huile	NA	30 g	29.99 g	 0.03	0	100	 0.5	198.0	17.89	2.54	1.45	https://www.marmiton.org/recettes/recette_nems-vegetariens_26829.aspx
Nems végétariens	Poivre	Piper nigrum	1 g	0.91 g	9	39.5	7.5	13.3	198.0	17.89	2.54	1.45	https://www.marmiton.org/recettes/recette_nems-vegetariens_26829.aspx
Nems végétariens	Vinaigre de riz	Oryza	15 cl	10.65 g	92.9	0.62	0.1	0.04	198.0	17.89	2.54	1.45	https://www.marmiton.org/recettes/recette_nems-vegetariens_26829.aspx
Nems végétariens	Huile de sésame	Sesamum indicum	10 cl	100.0 g	0	0	100	0	198.0	17.89	2.54	1.45	https://www.marmiton.org/recettes/recette_nems-vegetariens_26829.aspx
Nems végétariens	Feuille de riz	Oryza	20 g	18.1 g	9.5	80.5	1	7.44	198.0	17.89	2.54	1.45	https://www.marmiton.org/recettes/recette_nems-vegetariens_26829.aspx
Nems végétariens	Oignon	Allium cepa	120 g	12.48 g	89.6	6.25	0.62	1.1	198.0	17.89	2.54	1.45	https://www.marmiton.org/recettes/recette_nems-vegetariens_26829.aspx
Nems végétariens	Vermicelles de soja	Glycine max	200 g	31.2 g	84.4	14.4	0.1	 0.57	198.0	17.89	2.54	1.45	https://www.marmiton.org/recettes/recette_nems-vegetariens_26829.aspx
Nems végétariens	Protéine de soja	Glycine max	30 g	11.16 g	62.8	7.03	2.9	18.6	198.0	17.89	2.54	1.45	https://www.marmiton.org/recettes/recette_nems-vegetariens_26829.aspx
Nems végétariens	Sauce soja	Glycine max	30 g	9.33 g	68.9	3.64	0.1	7.08	198.0	17.89	2.54	1.45	https://www.marmiton.org/recettes/recette_nems-vegetariens_26829.aspx
Nems végétariens	Coulis de tomate	Solanum lycopersicum	80 g	9.44 g	88.2	8.53	0.2	2.05	198.0	17.89	2.54	1.45	https://www.marmiton.org/recettes/recette_nems-vegetariens_26829.aspx
Terrine de légumes (carotte, courgette, brocoli)	Carotte	Daucus carota	600 g	71.4 g	88.1	7.59	 0.5	0.63	164.0	33.9	1.29	1.19	https://www.marmiton.org/recettes/recette_terrine-de-legumes-carotte-courgette-brocoli_38155.aspx
Terrine de légumes (carotte, courgette, brocoli)	Courgette	Cucurbita pepo	450 g	23.85 g	94.7	1.8	0.26	1.23	164.0	33.9	1.29	1.19	https://www.marmiton.org/recettes/recette_terrine-de-legumes-carotte-courgette-brocoli_38155.aspx
Terrine de légumes (carotte, courgette, brocoli)	Piment	Capsicum annuum	30 g	3.63 g	87.9	7.7	0.32	1.87	164.0	33.9	1.29	1.19	https://www.marmiton.org/recettes/recette_terrine-de-legumes-carotte-courgette-brocoli_38155.aspx
Terrine de légumes (carotte, courgette, brocoli)	Poivre	Piper nigrum	1 g	0.91 g	9	39.5	7.5	13.3	164.0	33.9	1.29	1.19	https://www.marmiton.org/recettes/recette_terrine-de-legumes-carotte-courgette-brocoli_38155.aspx
Terrine de légumes (carotte, courgette, brocoli)	Sel	NA	1 g	1.0 g	0.027	0	0	0	164.0	33.9	1.29	1.19	https://www.marmiton.org/recettes/recette_terrine-de-legumes-carotte-courgette-brocoli_38155.aspx
Terrine de légumes (carotte, courgette, brocoli)	Brocoli	Brassica oleracea	200 g	22.2 g	88.9	1.7	0.48	3.95	164.0	33.9	1.29	1.19	https://www.marmiton.org/recettes/recette_terrine-de-legumes-carotte-courgette-brocoli_38155.aspx
Terrine de légumes (carotte, courgette, brocoli)	Crème liquide	NA	30 cl	96.0 g	68	2.87	26	2.88	164.0	33.9	1.29	1.19	https://www.marmiton.org/recettes/recette_terrine-de-legumes-carotte-courgette-brocoli_38155.aspx
Terrine de légumes (carotte, courgette, brocoli)	Oeuf	Gallus gallus	320 g	75.84 g	76.3	0.27	9.83	12.7	164.0	33.9	1.29	1.19	https://www.marmiton.org/recettes/recette_terrine-de-legumes-carotte-courgette-brocoli_38155.aspx
Terrine de lentilles	Lentilles	Lens culinaris	150 g	45.6 g	69.6	12.2	0.38	9.02	204.0	28.59	2.04	0.51	https://www.marmiton.org/recettes/recette_terrine-de-lentilles_12862.aspx
Terrine de lentilles	Carotte	Daucus carota	120 g	14.28 g	88.1	7.59	 0.5	0.63	204.0	28.59	2.04	0.51	https://www.marmiton.org/recettes/recette_terrine-de-lentilles_12862.aspx
Terrine de lentilles	Huile d'olive	Olea europaea	45 g	44.95 g	0.1	0	99.9	 0.5	204.0	28.59	2.04	0.51	https://www.marmiton.org/recettes/recette_terrine-de-lentilles_12862.aspx
Terrine de lentilles	Orge	Hordeum vulgare	50 g	15.6 g	68.8	24.4	0.44	2.26	204.0	28.59	2.04	0.51	https://www.marmiton.org/recettes/recette_terrine-de-lentilles_12862.aspx
Terrine de lentilles	Échalote	Allium ascalonicum	80 g	14.16 g	82.3	12.2	 0.5	1.81	204.0	28.59	2.04	0.51	https://www.marmiton.org/recettes/recette_terrine-de-lentilles_12862.aspx
Terrine de lentilles	Poivron rouge	Capsicum annuum	60 g	5.88 g	90.2	5.98	 0.5	1.06	204.0	28.59	2.04	0.51	https://www.marmiton.org/recettes/recette_terrine-de-lentilles_12862.aspx
Terrine de lentilles	Oeuf	Gallus gallus	80 g	18.96 g	76.3	0.27	9.83	12.7	204.0	28.59	2.04	0.51	https://www.marmiton.org/recettes/recette_terrine-de-lentilles_12862.aspx
Terrine de lentilles	Fromage de chèvre	NA	60 g	32.7 g	45.5	NA	29.8	21.6	204.0	28.59	2.04	0.51	https://www.marmiton.org/recettes/recette_terrine-de-lentilles_12862.aspx
Cappuccino de champignons	Champignon de paris	Dikarya	500 g	30.5 g	93.9	3.15	0.36	2.62	172.0	29.96	1.73	0.62	https://www.marmiton.org/recettes/recette_cappuccino-de-champignons_14048.aspx
Cappuccino de champignons	Champignon	Dikarya	200 g	12.2 g	93.9	3.15	0.36	2.62	172.0	29.96	1.73	0.62	https://www.marmiton.org/recettes/recette_cappuccino-de-champignons_14048.aspx
Cappuccino de champignons	Citron	Citrus limon	15 cl	20.55 g	86.3	3.14	 0.3	1.13	172.0	29.96	1.73	0.62	https://www.marmiton.org/recettes/recette_cappuccino-de-champignons_14048.aspx
Cappuccino de champignons	Vin blanc	Vitis	20 cl	24.4 g	87.8	4.04	0	 0.5	172.0	29.96	1.73	0.62	https://www.marmiton.org/recettes/recette_cappuccino-de-champignons_14048.aspx
Cappuccino de champignons	Oignon	Allium cepa	120 g	12.48 g	89.6	6.25	0.62	1.1	172.0	29.96	1.73	0.62	https://www.marmiton.org/recettes/recette_cappuccino-de-champignons_14048.aspx
Cappuccino de champignons	Crème	Bos taurus	20 cl	69.0 g	65.5	2.8	30.7	3	172.0	29.96	1.73	0.62	https://www.marmiton.org/recettes/recette_cappuccino-de-champignons_14048.aspx
Cappuccino de champignons	Cerfeuil	Anthriscus cerefolium	5 g	0.63 g	87.4	3.63	0.6	3.72	172.0	29.96	1.73	0.62	https://www.marmiton.org/recettes/recette_cappuccino-de-champignons_14048.aspx
Gratin de courgettes rapide	Courgette	Cucurbita pepo	600 g	31.8 g	94.7	1.8	0.26	1.23	202.8	34.21	1.87	0.74	https://www.marmiton.org/recettes/recette_gratin-de-courgettes-rapide_17071.aspx
Gratin de courgettes rapide	Sel	NA	1 g	1.0 g	0.027	0	0	0	202.8	34.21	1.87	0.74	https://www.marmiton.org/recettes/recette_gratin-de-courgettes-rapide_17071.aspx
Gratin de courgettes rapide	Poivre	Piper nigrum	1 g	0.91 g	9	39.5	7.5	13.3	202.8	34.21	1.87	0.74	https://www.marmiton.org/recettes/recette_gratin-de-courgettes-rapide_17071.aspx
Gratin de courgettes rapide	Oignon	Allium cepa	360 g	37.44 g	89.6	6.25	0.62	1.1	202.8	34.21	1.87	0.74	https://www.marmiton.org/recettes/recette_gratin-de-courgettes-rapide_17071.aspx
Gratin de courgettes rapide	Gruyère râpé	NA	100 g	67.5 g	32.5	NA	34.6	28.4	202.8	34.21	1.87	0.74	https://www.marmiton.org/recettes/recette_gratin-de-courgettes-rapide_17071.aspx
Gratin de courgettes rapide	Oeuf	Gallus gallus	160 g	37.92 g	76.3	0.27	9.83	12.7	202.8	34.21	1.87	0.74	https://www.marmiton.org/recettes/recette_gratin-de-courgettes-rapide_17071.aspx
Gratin de courgettes rapide	Crème fraîche	Bos taurus	30 g	10.35 g	65.5	2.8	30.7	3	202.8	34.21	1.87	0.74	https://www.marmiton.org/recettes/recette_gratin-de-courgettes-rapide_17071.aspx
Gratin de courgettes rapide	Beurre	Bos taurus	50 g	42.3 g	15.4	0.9	82.9	0.7	202.8	34.21	1.87	0.74	https://www.marmiton.org/recettes/recette_gratin-de-courgettes-rapide_17071.aspx
Galettes de pomme de terre	Pomme de terre	Solanum tuberosum	700 g	132.3 g	81.1	NA	0.3	1.44	150.0	28.46	0.72	2.08	https://www.marmiton.org/recettes/recette_galettes-de-pomme-de-terre_14072.aspx
Galettes de pomme de terre	Farine	Triticum aestivum	45 g	39.38 g	12.5	73.7	1	9.03	150.0	28.46	0.72	2.08	https://www.marmiton.org/recettes/recette_galettes-de-pomme-de-terre_14072.aspx
Galettes de pomme de terre	Poivre	Piper nigrum	1 g	0.91 g	9	39.5	7.5	13.3	150.0	28.46	0.72	2.08	https://www.marmiton.org/recettes/recette_galettes-de-pomme-de-terre_14072.aspx
Galettes de pomme de terre	Sel	NA	1 g	1.0 g	0.027	0	0	0	150.0	28.46	0.72	2.08	https://www.marmiton.org/recettes/recette_galettes-de-pomme-de-terre_14072.aspx
Galettes de pomme de terre	Huile	NA	30 g	29.99 g	 0.03	0	100	 0.5	150.0	28.46	0.72	2.08	https://www.marmiton.org/recettes/recette_galettes-de-pomme-de-terre_14072.aspx
Galettes de pomme de terre	Oignon	Allium cepa	360 g	37.44 g	89.6	6.25	0.62	1.1	150.0	28.46	0.72	2.08	https://www.marmiton.org/recettes/recette_galettes-de-pomme-de-terre_14072.aspx
Galettes de pomme de terre	Oeuf	Gallus gallus	80 g	18.96 g	76.3	0.27	9.83	12.7	150.0	28.46	0.72	2.08	https://www.marmiton.org/recettes/recette_galettes-de-pomme-de-terre_14072.aspx
Riz et petits légumes au safran	Riz	Oryza sativa	150 g	59.4 g	60.4	32.6	1	3.21	126.67	19.35	1.71	0.58	https://www.marmiton.org/recettes/recette_riz-et-petits-legumes-au-safran_38173.aspx
Riz et petits légumes au safran	Eau	NA	60 cl	74.4 g	87.6	4.9	0.25	1.49	126.67	19.35	1.71	0.58	https://www.marmiton.org/recettes/recette_riz-et-petits-legumes-au-safran_38173.aspx
Riz et petits légumes au safran	Courgette	Cucurbita pepo	150 g	7.95 g	94.7	1.8	0.26	1.23	126.67	19.35	1.71	0.58	https://www.marmiton.org/recettes/recette_riz-et-petits-legumes-au-safran_38173.aspx
Riz et petits légumes au safran	Safran	Crocus sativus	1 g	0.88 g	11.9	61.5	5.85	11.4	126.67	19.35	1.71	0.58	https://www.marmiton.org/recettes/recette_riz-et-petits-legumes-au-safran_38173.aspx
Riz et petits légumes au safran	Huile d'olive	Olea europaea	15 g	14.98 g	0.1	0	99.9	 0.5	126.67	19.35	1.71	0.58	https://www.marmiton.org/recettes/recette_riz-et-petits-legumes-au-safran_38173.aspx
Riz et petits légumes au safran	Oignon	Allium cepa	120 g	12.48 g	89.6	6.25	0.62	1.1	126.67	19.35	1.71	0.58	https://www.marmiton.org/recettes/recette_riz-et-petits-legumes-au-safran_38173.aspx
Riz et petits légumes au safran	Poivron rouge	Capsicum annuum	120 g	11.76 g	90.2	5.98	 0.5	1.06	126.67	19.35	1.71	0.58	https://www.marmiton.org/recettes/recette_riz-et-petits-legumes-au-safran_38173.aspx
Riz et petits légumes au safran	Petits pois	Pisum sativum	200 g	41.6 g	79.2	7	0.55	5.84	126.67	19.35	1.71	0.58	https://www.marmiton.org/recettes/recette_riz-et-petits-legumes-au-safran_38173.aspx
Nouilles chinoises aux légumes et aux épices	Poireau	Allium ampeloprasum	130 g	16.12 g	87.6	4.9	0.25	1.49	137.33	19.57	1.9	0.13	https://www.marmiton.org/recettes/recette_nouilles-chinoises-aux-legumes-et-aux-epices_21482.aspx
Nouilles chinoises aux légumes et aux épices	Carotte	Daucus carota	90 g	10.71 g	88.1	7.59	 0.5	0.63	137.33	19.57	1.9	0.13	https://www.marmiton.org/recettes/recette_nouilles-chinoises-aux-legumes-et-aux-epices_21482.aspx
Nouilles chinoises aux légumes et aux épices	Courgette	Cucurbita pepo	300 g	15.9 g	94.7	1.8	0.26	1.23	137.33	19.57	1.9	0.13	https://www.marmiton.org/recettes/recette_nouilles-chinoises-aux-legumes-et-aux-epices_21482.aspx
Nouilles chinoises aux légumes et aux épices	Champignon de paris	Dikarya	250 g	15.25 g	93.9	3.15	0.36	2.62	137.33	19.57	1.9	0.13	https://www.marmiton.org/recettes/recette_nouilles-chinoises-aux-legumes-et-aux-epices_21482.aspx
Nouilles chinoises aux légumes et aux épices	Huile	NA	45 g	44.99 g	 0.03	0	100	 0.5	137.33	19.57	1.9	0.13	https://www.marmiton.org/recettes/recette_nouilles-chinoises-aux-legumes-et-aux-epices_21482.aspx
Nouilles chinoises aux légumes et aux épices	Oignon	Allium cepa	120 g	12.48 g	89.6	6.25	0.62	1.1	137.33	19.57	1.9	0.13	https://www.marmiton.org/recettes/recette_nouilles-chinoises-aux-legumes-et-aux-epices_21482.aspx
Nouilles chinoises aux légumes et aux épices	Poivron rouge	Capsicum annuum	120 g	11.76 g	90.2	5.98	 0.5	1.06	137.33	19.57	1.9	0.13	https://www.marmiton.org/recettes/recette_nouilles-chinoises-aux-legumes-et-aux-epices_21482.aspx
Nouilles chinoises aux légumes et aux épices	Nouilles chinoises	NA	100 g	33.1 g	66.9	21.4	6.9	3.5	137.33	19.57	1.9	0.13	https://www.marmiton.org/recettes/recette_nouilles-chinoises-aux-legumes-et-aux-epices_21482.aspx
Nouilles chinoises aux légumes et aux épices	Mélange 5 épices	NA	5 g	NA	NA	NA	NA	NA	137.33	19.57	1.9	0.13	https://www.marmiton.org/recettes/recette_nouilles-chinoises-aux-legumes-et-aux-epices_21482.aspx
Nouilles chinoises aux légumes et aux épices	Sauce soja	Glycine max	45 g	13.99 g	68.9	3.64	0.1	7.08	137.33	19.57	1.9	0.13	https://www.marmiton.org/recettes/recette_nouilles-chinoises-aux-legumes-et-aux-epices_21482.aspx
gratin de brocolis	Farine	Triticum aestivum	40 g	35.0 g	12.5	73.7	1	9.03	297.5	33.84	2.14	2.1	https://www.marmiton.org/recettes/recette_gratin-de-brocolis_22413.aspx
gratin de brocolis	Lait	Bos taurus	50 cl	53.0 g	89.4	4.83	1.55	3.38	297.5	33.84	2.14	2.1	https://www.marmiton.org/recettes/recette_gratin-de-brocolis_22413.aspx
gratin de brocolis	Ail	Allium sativum	80 g	25.76 g	67.8	18.6	 0.5	5.31	297.5	33.84	2.14	2.1	https://www.marmiton.org/recettes/recette_gratin-de-brocolis_22413.aspx
gratin de brocolis	Poivre	Piper nigrum	1 g	0.91 g	9	39.5	7.5	13.3	297.5	33.84	2.14	2.1	https://www.marmiton.org/recettes/recette_gratin-de-brocolis_22413.aspx
gratin de brocolis	Sel	NA	1 g	1.0 g	0.027	0	0	0	297.5	33.84	2.14	2.1	https://www.marmiton.org/recettes/recette_gratin-de-brocolis_22413.aspx
gratin de brocolis	Brocoli	Brassica oleracea	1 kg	111.0 g	88.9	1.7	0.48	3.95	297.5	33.84	2.14	2.1	https://www.marmiton.org/recettes/recette_gratin-de-brocolis_22413.aspx
gratin de brocolis	Beurre	Bos taurus	40 g	33.84 g	15.4	0.9	82.9	0.7	297.5	33.84	2.14	2.1	https://www.marmiton.org/recettes/recette_gratin-de-brocolis_22413.aspx
gratin de brocolis	Coulis de tomate	Solanum lycopersicum	15 g	1.77 g	88.2	8.53	0.2	2.05	297.5	33.84	2.14	2.1	https://www.marmiton.org/recettes/recette_gratin-de-brocolis_22413.aspx
gratin de brocolis	Oeuf	Gallus gallus	240 g	56.88 g	76.3	0.27	9.83	12.7	297.5	33.84	2.14	2.1	https://www.marmiton.org/recettes/recette_gratin-de-brocolis_22413.aspx
gratin de brocolis	Crème fraîche	Bos taurus	10 cl	34.5 g	65.5	2.8	30.7	3	297.5	33.84	2.14	2.1	https://www.marmiton.org/recettes/recette_gratin-de-brocolis_22413.aspx
gratin de brocolis	Chapelure	NA	30 g	27.81 g	7.29	70	3.77	11.6	297.5	33.84	2.14	2.1	https://www.marmiton.org/recettes/recette_gratin-de-brocolis_22413.aspx
Couscous végétarien facile	Pois chiches	Cicer arietinum	150 g	57.0 g	62	17.7	3	8.31	195.2	18.95	2.11	3.23	https://www.marmiton.org/recettes/recette_couscous-vegetarien-facile_62233.aspx
Couscous végétarien facile	Carotte	Daucus carota	360 g	42.84 g	88.1	7.59	 0.5	0.63	195.2	18.95	2.11	3.23	https://www.marmiton.org/recettes/recette_couscous-vegetarien-facile_62233.aspx
Couscous végétarien facile	Tomate	Solanum lycopersicum	400 g	47.2 g	88.2	8.53	0.2	2.05	195.2	18.95	2.11	3.23	https://www.marmiton.org/recettes/recette_couscous-vegetarien-facile_62233.aspx
Couscous végétarien facile	Courgette	Cucurbita pepo	300 g	15.9 g	94.7	1.8	0.26	1.23	195.2	18.95	2.11	3.23	https://www.marmiton.org/recettes/recette_couscous-vegetarien-facile_62233.aspx
Couscous végétarien facile	Ail	Allium sativum	80 g	25.76 g	67.8	18.6	 0.5	5.31	195.2	18.95	2.11	3.23	https://www.marmiton.org/recettes/recette_couscous-vegetarien-facile_62233.aspx
Couscous végétarien facile	Huile d'olive	Olea europaea	30 g	29.97 g	0.1	0	99.9	 0.5	195.2	18.95	2.11	3.23	https://www.marmiton.org/recettes/recette_couscous-vegetarien-facile_62233.aspx
Couscous végétarien facile	Curcuma	Curcuma longa	2 g	1.74 g	12.9	44.4	3.25	9.68	195.2	18.95	2.11	3.23	https://www.marmiton.org/recettes/recette_couscous-vegetarien-facile_62233.aspx
Couscous végétarien facile	Graines de coriandre	Coriandrum sativum	10 g	9.11 g	8.88	13	17.8	12.4	195.2	18.95	2.11	3.23	https://www.marmiton.org/recettes/recette_couscous-vegetarien-facile_62233.aspx
Couscous végétarien facile	Poivre	Piper nigrum	1 g	0.91 g	9	39.5	7.5	13.3	195.2	18.95	2.11	3.23	https://www.marmiton.org/recettes/recette_couscous-vegetarien-facile_62233.aspx
Couscous végétarien facile	Sel	NA	1 g	1.0 g	0.027	0	0	0	195.2	18.95	2.11	3.23	https://www.marmiton.org/recettes/recette_couscous-vegetarien-facile_62233.aspx
Couscous végétarien facile	Semoule	Triticum	150 g	149.75 g	0.17	99.8	0	0	195.2	18.95	2.11	3.23	https://www.marmiton.org/recettes/recette_couscous-vegetarien-facile_62233.aspx
Couscous végétarien facile	Navet	NA	400 g	32.4 g	91.9	4.7	0.1	0.76	195.2	18.95	2.11	3.23	https://www.marmiton.org/recettes/recette_couscous-vegetarien-facile_62233.aspx
Couscous végétarien facile	Oignon	Allium cepa	240 g	24.96 g	89.6	6.25	0.62	1.1	195.2	18.95	2.11	3.23	https://www.marmiton.org/recettes/recette_couscous-vegetarien-facile_62233.aspx
Couscous végétarien facile	Margarine	NA	100 g	NA	NA	 0.5	80	 0.5	195.2	18.95	2.11	3.23	https://www.marmiton.org/recettes/recette_couscous-vegetarien-facile_62233.aspx
Lasagnes de chou vert frisé	Tomate	Solanum lycopersicum	300 g	35.4 g	88.2	8.53	0.2	2.05	297.6	30.16	3.15	1.12	https://www.marmiton.org/recettes/recette_lasagnes-de-chou-vert-frise_36756.aspx
Lasagnes de chou vert frisé	Champignon de paris	Dikarya	360 g	21.96 g	93.9	3.15	0.36	2.62	297.6	30.16	3.15	1.12	https://www.marmiton.org/recettes/recette_lasagnes-de-chou-vert-frise_36756.aspx
Lasagnes de chou vert frisé	Concentré de tomates	Solanum lycopersicum	15 g	4.2 g	72	17.1	0.53	4.4	297.6	30.16	3.15	1.12	https://www.marmiton.org/recettes/recette_lasagnes-de-chou-vert-frise_36756.aspx
Lasagnes de chou vert frisé	Ail	Allium sativum	80 g	25.76 g	67.8	18.6	 0.5	5.31	297.6	30.16	3.15	1.12	https://www.marmiton.org/recettes/recette_lasagnes-de-chou-vert-frise_36756.aspx
Lasagnes de chou vert frisé	Lait	Bos taurus	25 cl	26.5 g	89.4	4.83	1.55	3.38	297.6	30.16	3.15	1.12	https://www.marmiton.org/recettes/recette_lasagnes-de-chou-vert-frise_36756.aspx
Lasagnes de chou vert frisé	Maïzena	Zea mays	45 g	40.83 g	9.26	89.2	0.25	0.43	297.6	30.16	3.15	1.12	https://www.marmiton.org/recettes/recette_lasagnes-de-chou-vert-frise_36756.aspx
Lasagnes de chou vert frisé	Huile d'olive	Olea europaea	5 g	5.0 g	0.1	0	99.9	 0.5	297.6	30.16	3.15	1.12	https://www.marmiton.org/recettes/recette_lasagnes-de-chou-vert-frise_36756.aspx
Lasagnes de chou vert frisé	Épices	NA	5 g	4.58 g	8.46	50.5	8.69	6.09	297.6	30.16	3.15	1.12	https://www.marmiton.org/recettes/recette_lasagnes-de-chou-vert-frise_36756.aspx
Lasagnes de chou vert frisé	Chou	Brassica oleracea	500 g	41.0 g	91.8	1.92	0.41	2.53	297.6	30.16	3.15	1.12	https://www.marmiton.org/recettes/recette_lasagnes-de-chou-vert-frise_36756.aspx
Lasagnes de chou vert frisé	Tofu	Glycine max	150 g	39.3 g	73.8	2.87	8.5	13.4	297.6	30.16	3.15	1.12	https://www.marmiton.org/recettes/recette_lasagnes-de-chou-vert-frise_36756.aspx
Lasagnes de chou vert frisé	Oignon	Allium cepa	120 g	12.48 g	89.6	6.25	0.62	1.1	297.6	30.16	3.15	1.12	https://www.marmiton.org/recettes/recette_lasagnes-de-chou-vert-frise_36756.aspx
Lasagnes de chou vert frisé	Crème fraîche épaisse	NA	30 g	10.35 g	65.5	2.8	30.7	3	297.6	30.16	3.15	1.12	https://www.marmiton.org/recettes/recette_lasagnes-de-chou-vert-frise_36756.aspx
Lasagnes de chou vert frisé	Fromage râpé	Bos taurus	80 g	49.6 g	38	NA	28.6	28.1	297.6	30.16	3.15	1.12	https://www.marmiton.org/recettes/recette_lasagnes-de-chou-vert-frise_36756.aspx
Poivrons farcis riz et épices (végétarien)	Poivron	Capsicum annuum	400 g	31.6 g	92.1	4.55	0.27	0.8	126.29	17.13	1.72	1.07	https://www.marmiton.org/recettes/recette_poivrons-farcis-riz-et-epices-vegetarien_39545.aspx
Poivrons farcis riz et épices (végétarien)	Aubergine	Solanum melongena	150 g	10.65 g	92.9	2.39	0.14	1.12	126.29	17.13	1.72	1.07	https://www.marmiton.org/recettes/recette_poivrons-farcis-riz-et-epices-vegetarien_39545.aspx
Poivrons farcis riz et épices (végétarien)	Pignons	Pinus	50 g	48.77 g	2.45	6.31	65	13.7	126.29	17.13	1.72	1.07	https://www.marmiton.org/recettes/recette_poivrons-farcis-riz-et-epices-vegetarien_39545.aspx
Poivrons farcis riz et épices (végétarien)	Raisins secs	Vitis	80 g	67.2 g	16	73.2	0.9	3	126.29	17.13	1.72	1.07	https://www.marmiton.org/recettes/recette_poivrons-farcis-riz-et-epices-vegetarien_39545.aspx
Poivrons farcis riz et épices (végétarien)	Riz	Oryza sativa	150 g	59.4 g	60.4	32.6	1	3.21	126.29	17.13	1.72	1.07	https://www.marmiton.org/recettes/recette_poivrons-farcis-riz-et-epices-vegetarien_39545.aspx
Poivrons farcis riz et épices (végétarien)	Cannelle	Cinnamomum verum	3 g	2.68 g	10.6	27.5	1.22	3.87	126.29	17.13	1.72	1.07	https://www.marmiton.org/recettes/recette_poivrons-farcis-riz-et-epices-vegetarien_39545.aspx
Poivrons farcis riz et épices (végétarien)	Curry	NA	3 g	2.74 g	8.8	2.63	14	14.5	126.29	17.13	1.72	1.07	https://www.marmiton.org/recettes/recette_poivrons-farcis-riz-et-epices-vegetarien_39545.aspx
Poivrons farcis riz et épices (végétarien)	Piment de cayenne	Capsicum annuum	3 g	2.76 g	8.05	29.4	17.3	12	126.29	17.13	1.72	1.07	https://www.marmiton.org/recettes/recette_poivrons-farcis-riz-et-epices-vegetarien_39545.aspx
Poivrons farcis riz et épices (végétarien)	Ketchup	NA	30 g	8.67 g	71.1	21.4	0.19	1.27	126.29	17.13	1.72	1.07	https://www.marmiton.org/recettes/recette_poivrons-farcis-riz-et-epices-vegetarien_39545.aspx
Poivrons farcis riz et épices (végétarien)	Oignon	Allium cepa	120 g	12.48 g	89.6	6.25	0.62	1.1	126.29	17.13	1.72	1.07	https://www.marmiton.org/recettes/recette_poivrons-farcis-riz-et-epices-vegetarien_39545.aspx
Poivrons farcis riz et épices (végétarien)	Mélange 4 épices	NA	3 g	2.75 g	8.46	50.5	8.69	6.09	126.29	17.13	1.72	1.07	https://www.marmiton.org/recettes/recette_poivrons-farcis-riz-et-epices-vegetarien_39545.aspx
Steaks végétariens	Poivron	Capsicum annuum	100 g	7.9 g	92.1	4.55	0.27	0.8	284.73	24.71	2.73	0.5	https://www.marmiton.org/recettes/recette_steaks-vegetariens_13685.aspx
Steaks végétariens	Courgette	Cucurbita pepo	150 g	7.95 g	94.7	1.8	0.26	1.23	284.73	24.71	2.73	0.5	https://www.marmiton.org/recettes/recette_steaks-vegetariens_13685.aspx
Steaks végétariens	Pomme de terre	Solanum tuberosum	200 g	37.8 g	81.1	NA	0.3	1.44	284.73	24.71	2.73	0.5	https://www.marmiton.org/recettes/recette_steaks-vegetariens_13685.aspx
Steaks végétariens	Carotte	Daucus carota	100 g	11.9 g	88.1	7.59	 0.5	0.63	284.73	24.71	2.73	0.5	https://www.marmiton.org/recettes/recette_steaks-vegetariens_13685.aspx
Steaks végétariens	Champignon	Dikarya	100 g	6.1 g	93.9	3.15	0.36	2.62	284.73	24.71	2.73	0.5	https://www.marmiton.org/recettes/recette_steaks-vegetariens_13685.aspx
Steaks végétariens	Maïs	Zea mays	200 g	49.2 g	75.4	18.4	1.68	2.82	284.73	24.71	2.73	0.5	https://www.marmiton.org/recettes/recette_steaks-vegetariens_13685.aspx
Steaks végétariens	Poivre	Piper nigrum	1 g	0.91 g	9	39.5	7.5	13.3	284.73	24.71	2.73	0.5	https://www.marmiton.org/recettes/recette_steaks-vegetariens_13685.aspx
Steaks végétariens	Sel	NA	1 g	1.0 g	0.027	0	0	0	284.73	24.71	2.73	0.5	https://www.marmiton.org/recettes/recette_steaks-vegetariens_13685.aspx
Steaks végétariens	Persil	Petroselinum crispum	5 g	0.72 g	85.5	3.48	0.63	3.71	284.73	24.71	2.73	0.5	https://www.marmiton.org/recettes/recette_steaks-vegetariens_13685.aspx
Steaks végétariens	Ail	Allium sativum	40 g	12.88 g	67.8	18.6	 0.5	5.31	284.73	24.71	2.73	0.5	https://www.marmiton.org/recettes/recette_steaks-vegetariens_13685.aspx
Steaks végétariens	Farine	Triticum aestivum	15 g	13.12 g	12.5	73.7	1	9.03	284.73	24.71	2.73	0.5	https://www.marmiton.org/recettes/recette_steaks-vegetariens_13685.aspx
Steaks végétariens	Huile	NA	15 g	15.0 g	 0.03	0	100	 0.5	284.73	24.71	2.73	0.5	https://www.marmiton.org/recettes/recette_steaks-vegetariens_13685.aspx
Steaks végétariens	Oignon	Allium cepa	120 g	12.48 g	89.6	6.25	0.62	1.1	284.73	24.71	2.73	0.5	https://www.marmiton.org/recettes/recette_steaks-vegetariens_13685.aspx
Steaks végétariens	Oeuf	Gallus gallus	80 g	18.96 g	76.3	0.27	9.83	12.7	284.73	24.71	2.73	0.5	https://www.marmiton.org/recettes/recette_steaks-vegetariens_13685.aspx
Aubergines farcies à la mozzarella	Aubergine	Solanum melongena	600 g	42.6 g	92.9	2.39	0.14	1.12	172.29	35.92	0.29	3.12	https://www.marmiton.org/recettes/recette_aubergines-farcies-a-la-mozzarella_24336.aspx
Aubergines farcies à la mozzarella	Tomate	Solanum lycopersicum	150 g	17.7 g	88.2	8.53	0.2	2.05	172.29	35.92	0.29	3.12	https://www.marmiton.org/recettes/recette_aubergines-farcies-a-la-mozzarella_24336.aspx
Aubergines farcies à la mozzarella	Huile d'olive	Olea europaea	30 g	29.97 g	0.1	0	99.9	 0.5	172.29	35.92	0.29	3.12	https://www.marmiton.org/recettes/recette_aubergines-farcies-a-la-mozzarella_24336.aspx
Aubergines farcies à la mozzarella	Poivre	Piper nigrum	1 g	0.91 g	9	39.5	7.5	13.3	172.29	35.92	0.29	3.12	https://www.marmiton.org/recettes/recette_aubergines-farcies-a-la-mozzarella_24336.aspx
Aubergines farcies à la mozzarella	Sel	NA	1 g	1.0 g	0.027	0	0	0	172.29	35.92	0.29	3.12	https://www.marmiton.org/recettes/recette_aubergines-farcies-a-la-mozzarella_24336.aspx
Aubergines farcies à la mozzarella	Thym	Thymus vulgaris	3 g	1.05 g	65.1	10.5	1.68	5.56	172.29	35.92	0.29	3.12	https://www.marmiton.org/recettes/recette_aubergines-farcies-a-la-mozzarella_24336.aspx
Aubergines farcies à la mozzarella	Basilic	Ocimum basilicum	3 g	0.25 g	91.7	2.55	0.47	3.35	172.29	35.92	0.29	3.12	https://www.marmiton.org/recettes/recette_aubergines-farcies-a-la-mozzarella_24336.aspx
Aubergines farcies à la mozzarella	Persil	Petroselinum crispum	3 g	0.44 g	85.5	3.48	0.63	3.71	172.29	35.92	0.29	3.12	https://www.marmiton.org/recettes/recette_aubergines-farcies-a-la-mozzarella_24336.aspx
Aubergines farcies à la mozzarella	Mozzarella	Bos taurus	450 g	167.85 g	62.7	0.75	17.7	16.5	172.29	35.92	0.29	3.12	https://www.marmiton.org/recettes/recette_aubergines-farcies-a-la-mozzarella_24336.aspx
Risotto au taleggio	Riz pour risotto	NA	500 g	198.0 g	60.4	32.6	1	3.21	72.0	13.87	1.0	0.96	https://www.marmiton.org/recettes/recette_risotto-au-taleggio_383608.aspx
Risotto au taleggio	Bouillon de légumes	NA	50 cl	10.0 g	98	0.65	0.16	0.34	72.0	13.87	1.0	0.96	https://www.marmiton.org/recettes/recette_risotto-au-taleggio_383608.aspx
Risotto au taleggio	Noisettes	Corylus avellana	100 g	92.7 g	7.3	7.16	56.9	14.4	72.0	13.87	1.0	0.96	https://www.marmiton.org/recettes/recette_risotto-au-taleggio_383608.aspx
Risotto au taleggio	Vin blanc	Vitis	20 cl	24.4 g	87.8	4.04	0	 0.5	72.0	13.87	1.0	0.96	https://www.marmiton.org/recettes/recette_risotto-au-taleggio_383608.aspx
Risotto au taleggio	Huile d'olive	Olea europaea	15 g	14.98 g	0.1	0	99.9	 0.5	72.0	13.87	1.0	0.96	https://www.marmiton.org/recettes/recette_risotto-au-taleggio_383608.aspx
Risotto au taleggio	Sel	NA	1 g	1.0 g	0.027	0	0	0	72.0	13.87	1.0	0.96	https://www.marmiton.org/recettes/recette_risotto-au-taleggio_383608.aspx
Risotto au taleggio	Poivre	Piper nigrum	1 g	0.91 g	9	39.5	7.5	13.3	72.0	13.87	1.0	0.96	https://www.marmiton.org/recettes/recette_risotto-au-taleggio_383608.aspx
Risotto au taleggio	Oignon	Allium cepa	120 g	12.48 g	89.6	6.25	0.62	1.1	72.0	13.87	1.0	0.96	https://www.marmiton.org/recettes/recette_risotto-au-taleggio_383608.aspx
Risotto au taleggio	Taleggio	NA	400 g	215.2 g	46.2	0.56	27.4	21.8	72.0	13.87	1.0	0.96	https://www.marmiton.org/recettes/recette_risotto-au-taleggio_383608.aspx
Tarte verte	Pâte feuilletée	NA	200 g	141.0 g	29.5	41.4	20.4	5.41	258.0	36.55	1.76	0.43	https://www.marmiton.org/recettes/recette_tarte-verte_29762.aspx
Tarte verte	Poireau	Allium ampeloprasum	200 g	24.8 g	87.6	4.9	0.25	1.49	258.0	36.55	1.76	0.43	https://www.marmiton.org/recettes/recette_tarte-verte_29762.aspx
Tarte verte	Céleri	Apium graveolens	100 g	6.6 g	93.4	2.41	 0.5	0.63	258.0	36.55	1.76	0.43	https://www.marmiton.org/recettes/recette_tarte-verte_29762.aspx
Tarte verte	Huile d'olive	Olea europaea	15 g	14.98 g	0.1	0	99.9	 0.5	258.0	36.55	1.76	0.43	https://www.marmiton.org/recettes/recette_tarte-verte_29762.aspx
Tarte verte	Cumin en poudre	Cuminum cyminum	5 g	4.6 g	8.06	33.7	22.3	17.8	258.0	36.55	1.76	0.43	https://www.marmiton.org/recettes/recette_tarte-verte_29762.aspx
Tarte verte	Aneth	Anethum graveolens	3 g	0.42 g	86	3.9	1.1	3.93	258.0	36.55	1.76	0.43	https://www.marmiton.org/recettes/recette_tarte-verte_29762.aspx
Tarte verte	Poivre	Piper nigrum	1 g	0.91 g	9	39.5	7.5	13.3	258.0	36.55	1.76	0.43	https://www.marmiton.org/recettes/recette_tarte-verte_29762.aspx
Tarte verte	Sel	NA	1 g	1.0 g	0.027	0	0	0	258.0	36.55	1.76	0.43	https://www.marmiton.org/recettes/recette_tarte-verte_29762.aspx
Tarte verte	Laitue	Lactuca virosa	150 g	7.05 g	95.3	1.33	0.2	1.3	258.0	36.55	1.76	0.43	https://www.marmiton.org/recettes/recette_tarte-verte_29762.aspx
Tarte verte	Oeuf	Gallus gallus	240 g	56.88 g	76.3	0.27	9.83	12.7	258.0	36.55	1.76	0.43	https://www.marmiton.org/recettes/recette_tarte-verte_29762.aspx
Tarte verte	Crème fraîche	Bos taurus	30 g	10.35 g	65.5	2.8	30.7	3	258.0	36.55	1.76	0.43	https://www.marmiton.org/recettes/recette_tarte-verte_29762.aspx
Flan de poireaux au basilic	Poireau	Allium ampeloprasum	1500 g	186.0 g	87.6	4.9	0.25	1.49	204.8	34.23	-0.06	4.22	https://www.marmiton.org/recettes/recette_flan-de-poireaux-au-basilic_20885.aspx
Flan de poireaux au basilic	Basilic	Ocimum basilicum	5 g	0.42 g	91.7	2.55	0.47	3.35	204.8	34.23	-0.06	4.22	https://www.marmiton.org/recettes/recette_flan-de-poireaux-au-basilic_20885.aspx
Flan de poireaux au basilic	Poivre	Piper nigrum	1 g	0.91 g	9	39.5	7.5	13.3	204.8	34.23	-0.06	4.22	https://www.marmiton.org/recettes/recette_flan-de-poireaux-au-basilic_20885.aspx
Flan de poireaux au basilic	Sel	NA	1 g	1.0 g	0.027	0	0	0	204.8	34.23	-0.06	4.22	https://www.marmiton.org/recettes/recette_flan-de-poireaux-au-basilic_20885.aspx
Flan de poireaux au basilic	Margarine	NA	25 g	NA	NA	 0.5	80	 0.5	204.8	34.23	-0.06	4.22	https://www.marmiton.org/recettes/recette_flan-de-poireaux-au-basilic_20885.aspx
Flan de poireaux au basilic	Oeuf	Gallus gallus	240 g	56.88 g	76.3	0.27	9.83	12.7	204.8	34.23	-0.06	4.22	https://www.marmiton.org/recettes/recette_flan-de-poireaux-au-basilic_20885.aspx
Flan de poireaux au basilic	Crème fraîche	Bos taurus	125 g	43.12 g	65.5	2.8	30.7	3	204.8	34.23	-0.06	4.22	https://www.marmiton.org/recettes/recette_flan-de-poireaux-au-basilic_20885.aspx
Flan de poireaux au basilic	Fromage râpé	Bos taurus	75 g	46.5 g	38	NA	28.6	28.1	204.8	34.23	-0.06	4.22	https://www.marmiton.org/recettes/recette_flan-de-poireaux-au-basilic_20885.aspx
Pâtes aux noix et à la sauge	Lait	Bos taurus	50 cl	53.0 g	89.4	4.83	1.55	3.38	210.0	29.79	1.46	1.68	https://www.marmiton.org/recettes/recette_pates-aux-noix-et-a-la-sauge_35514.aspx
Pâtes aux noix et à la sauge	Pain de mie	NA	100 g	64.6 g	35.4	43.7	4.06	8.51	210.0	29.79	1.46	1.68	https://www.marmiton.org/recettes/recette_pates-aux-noix-et-a-la-sauge_35514.aspx
Pâtes aux noix et à la sauge	Ail	Allium sativum	40 g	12.88 g	67.8	18.6	 0.5	5.31	210.0	29.79	1.46	1.68	https://www.marmiton.org/recettes/recette_pates-aux-noix-et-a-la-sauge_35514.aspx
Pâtes aux noix et à la sauge	Parmesan	Bos taurus	40 g	27.84 g	30.4	NA	31	31.1	210.0	29.79	1.46	1.68	https://www.marmiton.org/recettes/recette_pates-aux-noix-et-a-la-sauge_35514.aspx
Pâtes aux noix et à la sauge	Sauge	Salvia pratensis	5 g	0.72 g	85.6	0.97	 0.5	4	210.0	29.79	1.46	1.68	https://www.marmiton.org/recettes/recette_pates-aux-noix-et-a-la-sauge_35514.aspx
Pâtes aux noix et à la sauge	Cerneau de noix	Juglans regia	50 g	48.0 g	4	6.88	67.3	13.3	210.0	29.79	1.46	1.68	https://www.marmiton.org/recettes/recette_pates-aux-noix-et-a-la-sauge_35514.aspx
Pâtes aux noix et à la sauge	Poivre	Piper nigrum	1 g	0.91 g	9	39.5	7.5	13.3	210.0	29.79	1.46	1.68	https://www.marmiton.org/recettes/recette_pates-aux-noix-et-a-la-sauge_35514.aspx
Pâtes aux noix et à la sauge	Sel	NA	1 g	1.0 g	0.027	0	0	0	210.0	29.79	1.46	1.68	https://www.marmiton.org/recettes/recette_pates-aux-noix-et-a-la-sauge_35514.aspx
Pâtes aux noix et à la sauge	Farfalle	NA	300 g	NA	NA	NA	NA	NA	210.0	29.79	1.46	1.68	https://www.marmiton.org/recettes/recette_pates-aux-noix-et-a-la-sauge_35514.aspx
Pâtes aux noix et à la sauge	Crème fraîche	Bos taurus	20 cl	69.0 g	65.5	2.8	30.7	3	210.0	29.79	1.46	1.68	https://www.marmiton.org/recettes/recette_pates-aux-noix-et-a-la-sauge_35514.aspx
gnocchi de patate douce	Farine de blé	Triticum turgidum	140 g	122.5 g	12.5	73.7	1	9.03	281.5	30.38	0.05	5.91	https://www.marmiton.org/recettes/recette_gnocchi-de-patate-douce_392192.aspx
gnocchi de patate douce	Fécule de pomme de terre	Solanum tuberosum	90 g	78.57 g	12.7	86.3	0.2	0	281.5	30.38	0.05	5.91	https://www.marmiton.org/recettes/recette_gnocchi-de-patate-douce_392192.aspx
gnocchi de patate douce	Muscade	Myristica fragrans	5 g	4.69 g	6.22	28.5	36.3	5.3	281.5	30.38	0.05	5.91	https://www.marmiton.org/recettes/recette_gnocchi-de-patate-douce_392192.aspx
gnocchi de patate douce	Parmesan râpé	NA	50 g	34.8 g	30.4	NA	31	31.1	281.5	30.38	0.05	5.91	https://www.marmiton.org/recettes/recette_gnocchi-de-patate-douce_392192.aspx
gnocchi de patate douce	Basilic	Ocimum basilicum	5 g	0.42 g	91.7	2.55	0.47	3.35	281.5	30.38	0.05	5.91	https://www.marmiton.org/recettes/recette_gnocchi-de-patate-douce_392192.aspx
gnocchi de patate douce	Sel	NA	1 g	1.0 g	0.027	0	0	0	281.5	30.38	0.05	5.91	https://www.marmiton.org/recettes/recette_gnocchi-de-patate-douce_392192.aspx
gnocchi de patate douce	Poivre	Piper nigrum	1 g	0.91 g	9	39.5	7.5	13.3	281.5	30.38	0.05	5.91	https://www.marmiton.org/recettes/recette_gnocchi-de-patate-douce_392192.aspx
gnocchi de patate douce	Patate douce	Ipomoea batatas	500 g	184.5 g	63.1	19.3	NA	NA	281.5	30.38	0.05	5.91	https://www.marmiton.org/recettes/recette_gnocchi-de-patate-douce_392192.aspx
gnocchi de patate douce	Jaune d'oeuf	Gallus gallus	35 g	17.39 g	50.3	1.31	30.1	16	281.5	30.38	0.05	5.91	https://www.marmiton.org/recettes/recette_gnocchi-de-patate-douce_392192.aspx
gnocchi de patate douce	Crème fraîche	Bos taurus	60 g	20.7 g	65.5	2.8	30.7	3	281.5	30.38	0.05	5.91	https://www.marmiton.org/recettes/recette_gnocchi-de-patate-douce_392192.aspx
gnocchi de patate douce	Beurre	Bos taurus	50 g	42.3 g	15.4	0.9	82.9	0.7	281.5	30.38	0.05	5.91	https://www.marmiton.org/recettes/recette_gnocchi-de-patate-douce_392192.aspx
Beignets végétariens à la tomate	Poivre	Piper nigrum	1 g	0.91 g	9	39.5	7.5	13.3	268.5	29.15	1.15	3.64	https://www.marmiton.org/recettes/recette_beignets-vegetariens-a-la-tomate_53417.aspx
Beignets végétariens à la tomate	Sel	NA	1 g	1.0 g	0.027	0	0	0	268.5	29.15	1.15	3.64	https://www.marmiton.org/recettes/recette_beignets-vegetariens-a-la-tomate_53417.aspx
Beignets végétariens à la tomate	Flocons d'avoine	Avena sativa	200 g	178.0 g	11	58	7.7	11	268.5	29.15	1.15	3.64	https://www.marmiton.org/recettes/recette_beignets-vegetariens-a-la-tomate_53417.aspx
Beignets végétariens à la tomate	Farine	Triticum aestivum	30 g	26.25 g	12.5	73.7	1	9.03	268.5	29.15	1.15	3.64	https://www.marmiton.org/recettes/recette_beignets-vegetariens-a-la-tomate_53417.aspx
Beignets végétariens à la tomate	Lait	Bos taurus	25 cl	26.5 g	89.4	4.83	1.55	3.38	268.5	29.15	1.15	3.64	https://www.marmiton.org/recettes/recette_beignets-vegetariens-a-la-tomate_53417.aspx
Beignets végétariens à la tomate	Persil	Petroselinum crispum	5 g	0.72 g	85.5	3.48	0.63	3.71	268.5	29.15	1.15	3.64	https://www.marmiton.org/recettes/recette_beignets-vegetariens-a-la-tomate_53417.aspx
Beignets végétariens à la tomate	Épices	NA	5 g	4.58 g	8.46	50.5	8.69	6.09	268.5	29.15	1.15	3.64	https://www.marmiton.org/recettes/recette_beignets-vegetariens-a-la-tomate_53417.aspx
Beignets végétariens à la tomate	Sucre	Saccharum	20 g	19.97 g	0.17	99.8	0	0	268.5	29.15	1.15	3.64	https://www.marmiton.org/recettes/recette_beignets-vegetariens-a-la-tomate_53417.aspx
Beignets végétariens à la tomate	Herbes de provence	NA	5 g	4.64 g	7.1	23	7.2	11.5	268.5	29.15	1.15	3.64	https://www.marmiton.org/recettes/recette_beignets-vegetariens-a-la-tomate_53417.aspx
Beignets végétariens à la tomate	Huile d'olive	Olea europaea	30 g	29.97 g	0.1	0	99.9	 0.5	268.5	29.15	1.15	3.64	https://www.marmiton.org/recettes/recette_beignets-vegetariens-a-la-tomate_53417.aspx
Beignets végétariens à la tomate	Oeuf	Gallus gallus	160 g	37.92 g	76.3	0.27	9.83	12.7	268.5	29.15	1.15	3.64	https://www.marmiton.org/recettes/recette_beignets-vegetariens-a-la-tomate_53417.aspx
Beignets végétariens à la tomate	Brique	NA	100 g	NA	NA	NA	NA	NA	268.5	29.15	1.15	3.64	https://www.marmiton.org/recettes/recette_beignets-vegetariens-a-la-tomate_53417.aspx
Beignets végétariens à la tomate	Oignon	Allium cepa	240 g	24.96 g	89.6	6.25	0.62	1.1	268.5	29.15	1.15	3.64	https://www.marmiton.org/recettes/recette_beignets-vegetariens-a-la-tomate_53417.aspx
