Recipe	Ingredient	Specie	Quantity	Dry_matter	Energy	Water	Glucides	Lipids	Proteins	Richness	Phylogenetic_diversity	Weighted_phylogenetic_diversity	Shannon	Simpson	URL
Blanquette de veau facile	Blanquette de veau	Bos taurus	1 kg	249.0 g	474.0	75.1	3.1	4	15.4	6	234.0	33.58	2.16	0.83	https://www.marmiton.org/recettes/recette_blanquette-de-veau-facile_19219.aspx
Blanquette de veau facile	Cube de bouillon	NA	NA 	NA	38.3	97.6	1.33	0.15	0.6	6	234.0	33.58	2.16	0.83	https://www.marmiton.org/recettes/recette_blanquette-de-veau-facile_19219.aspx
Blanquette de veau facile	Bouillon de poule	NA	1 l	19.0 g	19.9	98.1	0.1	0.4	0.2	6	234.0	33.58	2.16	0.83	https://www.marmiton.org/recettes/recette_blanquette-de-veau-facile_19219.aspx
Blanquette de veau facile	Carotte	Daucus carota	200 g	23.8 g	169.0	88.1	7.59	 0.5	0.63	6	234.0	33.58	2.16	0.83	https://www.marmiton.org/recettes/recette_blanquette-de-veau-facile_19219.aspx
Blanquette de veau facile	Oignon jaune	Allium cepa	120 g	13.2 g	159.0	89	6.39	 0.5	1.19	6	234.0	33.58	2.16	0.83	https://www.marmiton.org/recettes/recette_blanquette-de-veau-facile_19219.aspx
Blanquette de veau facile	Champignon	Dikarya	200 g	12.2 g	118.0	93.9	3.15	0.36	2.62	6	234.0	33.58	2.16	0.83	https://www.marmiton.org/recettes/recette_blanquette-de-veau-facile_19219.aspx
Blanquette de veau facile	Crème fraîche	Bos taurus	100 g	34.5 g	1250.0	65.5	2.8	30.7	3	6	234.0	33.58	2.16	0.83	https://www.marmiton.org/recettes/recette_blanquette-de-veau-facile_19219.aspx
Blanquette de veau facile	Citron	Citrus limon	50 cl	68.5 g	170.0	86.3	3.14	 0.3	1.13	6	234.0	33.58	2.16	0.83	https://www.marmiton.org/recettes/recette_blanquette-de-veau-facile_19219.aspx
Blanquette de veau facile	Jaune d'oeuf	Gallus gallus	35 g	17.39 g	1410.0	50.3	1.31	30.1	16	6	234.0	33.58	2.16	0.83	https://www.marmiton.org/recettes/recette_blanquette-de-veau-facile_19219.aspx
Blanquette de veau facile	Farine...	NA	50 g	NA	NA	NA	NA	NA	NA	6	234.0	33.58	2.16	0.83	https://www.marmiton.org/recettes/recette_blanquette-de-veau-facile_19219.aspx
Lasagnes à la bolognaise	Oignon jaune	Allium cepa	360 g	39.6 g	159.0	89	6.39	 0.5	1.19	10	221.56	33.46	-0.1	6.27	https://www.marmiton.org/recettes/recette_lasagnes-a-la-bolognaise_18215.aspx
Lasagnes à la bolognaise	Ail	Allium sativum	80 g	25.76 g	470.0	67.8	18.6	 0.5	5.31	10	221.56	33.46	-0.1	6.27	https://www.marmiton.org/recettes/recette_lasagnes-a-la-bolognaise_18215.aspx
Lasagnes à la bolognaise	Céleri	Apium graveolens	70 g	4.62 g	73.4	93.4	2.41	 0.5	0.63	10	221.56	33.46	-0.1	6.27	https://www.marmiton.org/recettes/recette_lasagnes-a-la-bolognaise_18215.aspx
Lasagnes à la bolognaise	Carotte	Daucus carota	100 g	11.9 g	169.0	88.1	7.59	 0.5	0.63	10	221.56	33.46	-0.1	6.27	https://www.marmiton.org/recettes/recette_lasagnes-a-la-bolognaise_18215.aspx
Lasagnes à la bolognaise	Boeuf haché	Bos taurus	600 g	225.0 g	NA	62.5	2.48	13.6	15.8	10	221.56	33.46	-0.1	6.27	https://www.marmiton.org/recettes/recette_lasagnes-a-la-bolognaise_18215.aspx
Lasagnes à la bolognaise	Purée de tomate	Solanum lycopersicum	800 g	94.4 g	NA	88.2	8.53	0.2	2.05	10	221.56	33.46	-0.1	6.27	https://www.marmiton.org/recettes/recette_lasagnes-a-la-bolognaise_18215.aspx
Lasagnes à la bolognaise	Eau	NA	15 cl	18.6 g	136.0	87.6	4.9	0.25	1.49	10	221.56	33.46	-0.1	6.27	https://www.marmiton.org/recettes/recette_lasagnes-a-la-bolognaise_18215.aspx
Lasagnes à la bolognaise	Vin rouge	Vitis	20 cl	26.4 g	341.0	86.8	2.63	0	0.07	10	221.56	33.46	-0.1	6.27	https://www.marmiton.org/recettes/recette_lasagnes-a-la-bolognaise_18215.aspx
Lasagnes à la bolognaise	Feuille de laurier	Laurus nobilis	5 g	4.73 g	1480.0	5.44	48.6	8.36	7.61	10	221.56	33.46	-0.1	6.27	https://www.marmiton.org/recettes/recette_lasagnes-a-la-bolognaise_18215.aspx
Lasagnes à la bolognaise	Thym	Thymus vulgaris	3 g	1.05 g	446.0	65.1	10.5	1.68	5.56	10	221.56	33.46	-0.1	6.27	https://www.marmiton.org/recettes/recette_lasagnes-a-la-bolognaise_18215.aspx
Lasagnes à la bolognaise	Basilic	Ocimum basilicum	3 g	0.25 g	145.0	91.7	2.55	0.47	3.35	10	221.56	33.46	-0.1	6.27	https://www.marmiton.org/recettes/recette_lasagnes-a-la-bolognaise_18215.aspx
Lasagnes à la bolognaise	Muscade...	NA	1 g	NA	NA	NA	NA	NA	NA	10	221.56	33.46	-0.1	6.27	https://www.marmiton.org/recettes/recette_lasagnes-a-la-bolognaise_18215.aspx
Filet mignon en croûte	Filet mignon	Bos taurus	800 g	200.8 g	519.0	74.9	0.4	4.09	21.2	4	142.0	23.85	0.26	3.91	https://www.marmiton.org/recettes/recette_filet-mignon-en-croute_14407.aspx
Filet mignon en croûte	Jambon blanc	Sus scrofa domesticus	100 g	27.7 g	528.0	72.3	1.7	4.5	19.5	4	142.0	23.85	0.26	3.91	https://www.marmiton.org/recettes/recette_filet-mignon-en-croute_14407.aspx
Filet mignon en croûte	Gruyère râpé	Bos taurus	200 g	135.0 g	1760.0	32.5	NA	34.6	28.4	4	142.0	23.85	0.26	3.91	https://www.marmiton.org/recettes/recette_filet-mignon-en-croute_14407.aspx
Filet mignon en croûte	Oignon jaune	Allium cepa	240 g	26.4 g	159.0	89	6.39	 0.5	1.19	4	142.0	23.85	0.26	3.91	https://www.marmiton.org/recettes/recette_filet-mignon-en-croute_14407.aspx
Filet mignon en croûte	Jaune d'oeuf	Gallus gallus	70 g	34.79 g	1410.0	50.3	1.31	30.1	16	4	142.0	23.85	0.26	3.91	https://www.marmiton.org/recettes/recette_filet-mignon-en-croute_14407.aspx
Les Timbales de Jeanne (saumon à la mousse de courgettes au micro-ondes)	Ail	Allium sativum	40 g	12.88 g	470.0	67.8	18.6	 0.5	5.31	8	267.43	38.98	1.72	0.54	https://www.marmiton.org/recettes/recette_les-timbales-de-jeanne-saumon-a-la-mousse-de-courgettes-au-micro-ondes_21864.aspx
Les Timbales de Jeanne (saumon à la mousse de courgettes au micro-ondes)	Huile d'olive	Olea europaea	15 g	14.98 g	3700.0	0.1	0	99.9	 0.5	8	267.43	38.98	1.72	0.54	https://www.marmiton.org/recettes/recette_les-timbales-de-jeanne-saumon-a-la-mousse-de-courgettes-au-micro-ondes_21864.aspx
Les Timbales de Jeanne (saumon à la mousse de courgettes au micro-ondes)	Aneth	Anethum graveolens	3 g	0.42 g	202.0	86	3.9	1.1	3.93	8	267.43	38.98	1.72	0.54	https://www.marmiton.org/recettes/recette_les-timbales-de-jeanne-saumon-a-la-mousse-de-courgettes-au-micro-ondes_21864.aspx
Les Timbales de Jeanne (saumon à la mousse de courgettes au micro-ondes)	Sel	NA	1 g	1.0 g	0.0	0.027	0	0	0	8	267.43	38.98	1.72	0.54	https://www.marmiton.org/recettes/recette_les-timbales-de-jeanne-saumon-a-la-mousse-de-courgettes-au-micro-ondes_21864.aspx
Les Timbales de Jeanne (saumon à la mousse de courgettes au micro-ondes)	Poivre	Piper nigrum	1 g	0.91 g	1380.0	9	39.5	7.5	13.3	8	267.43	38.98	1.72	0.54	https://www.marmiton.org/recettes/recette_les-timbales-de-jeanne-saumon-a-la-mousse-de-courgettes-au-micro-ondes_21864.aspx
Les Timbales de Jeanne (saumon à la mousse de courgettes au micro-ondes)	Saumon fumé	Salmo salar	100 g	36.9 g	743.0	63.1	0.91	9.49	22	8	267.43	38.98	1.72	0.54	https://www.marmiton.org/recettes/recette_les-timbales-de-jeanne-saumon-a-la-mousse-de-courgettes-au-micro-ondes_21864.aspx
Les Timbales de Jeanne (saumon à la mousse de courgettes au micro-ondes)	Oeuf	Gallus gallus	210 g	49.77 g	584.0	76.3	0.27	9.83	12.7	8	267.43	38.98	1.72	0.54	https://www.marmiton.org/recettes/recette_les-timbales-de-jeanne-saumon-a-la-mousse-de-courgettes-au-micro-ondes_21864.aspx
Les Timbales de Jeanne (saumon à la mousse de courgettes au micro-ondes)	Crème fraîche épaisse	Bos taurus	10 cl	34.5 g	1250.0	65.5	2.8	30.7	3	8	267.43	38.98	1.72	0.54	https://www.marmiton.org/recettes/recette_les-timbales-de-jeanne-saumon-a-la-mousse-de-courgettes-au-micro-ondes_21864.aspx
Les Timbales de Jeanne (saumon à la mousse de courgettes au micro-ondes)	Menthe	Mentha arvensis	3 g	0.54 g	240.0	82.1	5.3	0.84	3.52	8	267.43	38.98	1.72	0.54	https://www.marmiton.org/recettes/recette_les-timbales-de-jeanne-saumon-a-la-mousse-de-courgettes-au-micro-ondes_21864.aspx
Sauté de veau au chorizo	Basilic	Ocimum basilicum	3 g	0.25 g	145.0	91.7	2.55	0.47	3.35	6	151.6	38.28	-0.97	6.57	https://www.marmiton.org/recettes/recette_saute-de-veau-au-chorizo_17027.aspx
Sauté de veau au chorizo	Bouquet garni	NA	5 g	NA	NA	NA	NA	NA	NA	6	151.6	38.28	-0.97	6.57	https://www.marmiton.org/recettes/recette_saute-de-veau-au-chorizo_17027.aspx
Sauté de veau au chorizo	Ail	Allium sativum	40 g	12.88 g	470.0	67.8	18.6	 0.5	5.31	6	151.6	38.28	-0.97	6.57	https://www.marmiton.org/recettes/recette_saute-de-veau-au-chorizo_17027.aspx
Sauté de veau au chorizo	Huile	NA	30 g	29.99 g	3700.0	 0.03	0	100	 0.5	6	151.6	38.28	-0.97	6.57	https://www.marmiton.org/recettes/recette_saute-de-veau-au-chorizo_17027.aspx
Sauté de veau au chorizo	Sauté de veau	Bos taurus	1 kg	249.0 g	474.0	75.1	3.1	4	15.4	6	151.6	38.28	-0.97	6.57	https://www.marmiton.org/recettes/recette_saute-de-veau-au-chorizo_17027.aspx
Sauté de veau au chorizo	Pulpe de tomate	Solanum lycopersicum	300 g	21.0 g	110.0	93	3.63	 0.5	1.2	6	151.6	38.28	-0.97	6.57	https://www.marmiton.org/recettes/recette_saute-de-veau-au-chorizo_17027.aspx
Sauté de veau au chorizo	Olive verte	Olea europaea	100 g	24.2 g	637.0	75.8	NA	15.7	1.31	6	151.6	38.28	-0.97	6.57	https://www.marmiton.org/recettes/recette_saute-de-veau-au-chorizo_17027.aspx
Sauté de veau au chorizo	Oignon	Allium cepa	480 g	49.92 g	NA	89.6	6.25	0.62	1.1	6	151.6	38.28	-0.97	6.57	https://www.marmiton.org/recettes/recette_saute-de-veau-au-chorizo_17027.aspx
Cake salé au jambon et aux olives	Jambon	Sus scrofa domesticus	200 g	55.4 g	528.0	72.3	1.7	4.5	19.5	4	146.0	28.54	1.59	1.53	https://www.marmiton.org/recettes/recette_cake-sale-au-jambon-et-aux-olives_18876.aspx
Cake salé au jambon et aux olives	Lait	Bos taurus	10 cl	10.6 g	198.0	89.4	4.83	1.55	3.38	4	146.0	28.54	1.59	1.53	https://www.marmiton.org/recettes/recette_cake-sale-au-jambon-et-aux-olives_18876.aspx
Cake salé au jambon et aux olives	Levure chimique	NA	5 g	4.73 g	NA	5.4	33.2	0.2	1.96	4	146.0	28.54	1.59	1.53	https://www.marmiton.org/recettes/recette_cake-sale-au-jambon-et-aux-olives_18876.aspx
Cake salé au jambon et aux olives	Huile	NA	15 g	15.0 g	3700.0	 0.03	0	100	 0.5	4	146.0	28.54	1.59	1.53	https://www.marmiton.org/recettes/recette_cake-sale-au-jambon-et-aux-olives_18876.aspx
Cake salé au jambon et aux olives	Olive verte	Olea europaea	150 g	36.3 g	637.0	75.8	NA	15.7	1.31	4	146.0	28.54	1.59	1.53	https://www.marmiton.org/recettes/recette_cake-sale-au-jambon-et-aux-olives_18876.aspx
Cake salé au jambon et aux olives	Gruyère râpé	Bos taurus	75 g	50.62 g	1760.0	32.5	NA	34.6	28.4	4	146.0	28.54	1.59	1.53	https://www.marmiton.org/recettes/recette_cake-sale-au-jambon-et-aux-olives_18876.aspx
Cake salé au jambon et aux olives	Oeuf	Gallus gallus	320 g	75.84 g	584.0	76.3	0.27	9.83	12.7	4	146.0	28.54	1.59	1.53	https://www.marmiton.org/recettes/recette_cake-sale-au-jambon-et-aux-olives_18876.aspx
Hachis Parmentier	Ail	Allium sativum	80 g	25.76 g	470.0	67.8	18.6	 0.5	5.31	7	314.44	30.92	3.12	0.65	https://www.marmiton.org/recettes/recette_hachis-parmentier_17639.aspx
Hachis Parmentier	Tomate	Solanum lycopersicum	260 g	30.68 g	NA	88.2	8.53	0.2	2.05	7	314.44	30.92	3.12	0.65	https://www.marmiton.org/recettes/recette_hachis-parmentier_17639.aspx
Hachis Parmentier	Farine	Triticum aestivum	15 g	13.12 g	1480.0	12.5	73.7	1	9.03	7	314.44	30.92	3.12	0.65	https://www.marmiton.org/recettes/recette_hachis-parmentier_17639.aspx
Hachis Parmentier	Herbes de provence	NA	3 g	2.79 g	1170.0	7.1	23	7.2	11.5	7	314.44	30.92	3.12	0.65	https://www.marmiton.org/recettes/recette_hachis-parmentier_17639.aspx
Hachis Parmentier	Parmesan	Bos taurus	30 g	20.88 g	1690.0	30.4	NA	31	31.1	7	314.44	30.92	3.12	0.65	https://www.marmiton.org/recettes/recette_hachis-parmentier_17639.aspx
Hachis Parmentier	Sel	NA	1 g	1.0 g	0.0	0.027	0	0	0	7	314.44	30.92	3.12	0.65	https://www.marmiton.org/recettes/recette_hachis-parmentier_17639.aspx
Hachis Parmentier	Poivre	Piper nigrum	1 g	0.91 g	1380.0	9	39.5	7.5	13.3	7	314.44	30.92	3.12	0.65	https://www.marmiton.org/recettes/recette_hachis-parmentier_17639.aspx
Hachis Parmentier	Viande hachée	Bos taurus	400 g	150.0 g	NA	62.5	2.48	13.6	15.8	7	314.44	30.92	3.12	0.65	https://www.marmiton.org/recettes/recette_hachis-parmentier_17639.aspx
Hachis Parmentier	Oignon	Allium cepa	240 g	24.96 g	NA	89.6	6.25	0.62	1.1	7	314.44	30.92	3.12	0.65	https://www.marmiton.org/recettes/recette_hachis-parmentier_17639.aspx
Hachis Parmentier	Jaune d'oeuf	Gallus gallus	35 g	17.39 g	1410.0	50.3	1.31	30.1	16	7	314.44	30.92	3.12	0.65	https://www.marmiton.org/recettes/recette_hachis-parmentier_17639.aspx
Hachis Parmentier	Beurre	Bos taurus	30 g	25.38 g	3100.0	15.4	0.9	82.9	0.7	7	314.44	30.92	3.12	0.65	https://www.marmiton.org/recettes/recette_hachis-parmentier_17639.aspx
Hachis Parmentier	Fromage râpé	Bos taurus	50 g	31.0 g	1530.0	38	NA	28.6	28.1	7	314.44	30.92	3.12	0.65	https://www.marmiton.org/recettes/recette_hachis-parmentier_17639.aspx
Boeuf Bourguignon rapide	Vin rouge	Vitis	75 cl	99.0 g	341.0	86.8	2.63	0	0.07	7	213.71	28.38	2.03	1.51	https://www.marmiton.org/recettes/recette_boeuf-bourguignon-rapide_19218.aspx
Boeuf Bourguignon rapide	Ail	Allium sativum	40 g	12.88 g	470.0	67.8	18.6	 0.5	5.31	7	213.71	28.38	2.03	1.51	https://www.marmiton.org/recettes/recette_boeuf-bourguignon-rapide_19218.aspx
Boeuf Bourguignon rapide	Farine	Triticum aestivum	30 g	26.25 g	1480.0	12.5	73.7	1	9.03	7	213.71	28.38	2.03	1.51	https://www.marmiton.org/recettes/recette_boeuf-bourguignon-rapide_19218.aspx
Boeuf Bourguignon rapide	Bouquet garni	NA	5 g	NA	NA	NA	NA	NA	NA	7	213.71	28.38	2.03	1.51	https://www.marmiton.org/recettes/recette_boeuf-bourguignon-rapide_19218.aspx
Boeuf Bourguignon rapide	Champignon de paris	Dikarya	250 g	15.25 g	118.0	93.9	3.15	0.36	2.62	7	213.71	28.38	2.03	1.51	https://www.marmiton.org/recettes/recette_boeuf-bourguignon-rapide_19218.aspx
Boeuf Bourguignon rapide	Sel	NA	1 g	1.0 g	0.0	0.027	0	0	0	7	213.71	28.38	2.03	1.51	https://www.marmiton.org/recettes/recette_boeuf-bourguignon-rapide_19218.aspx
Boeuf Bourguignon rapide	Poivre	Piper nigrum	1 g	0.91 g	1380.0	9	39.5	7.5	13.3	7	213.71	28.38	2.03	1.51	https://www.marmiton.org/recettes/recette_boeuf-bourguignon-rapide_19218.aspx
Boeuf Bourguignon rapide	Boeuf	Bos taurus	800 g	300.0 g	NA	62.5	2.48	13.6	15.8	7	213.71	28.38	2.03	1.51	https://www.marmiton.org/recettes/recette_boeuf-bourguignon-rapide_19218.aspx
Boeuf Bourguignon rapide	Beurre	Bos taurus	50 g	42.3 g	3100.0	15.4	0.9	82.9	0.7	7	213.71	28.38	2.03	1.51	https://www.marmiton.org/recettes/recette_boeuf-bourguignon-rapide_19218.aspx
Boeuf Bourguignon rapide	Oignon	Allium cepa	240 g	24.96 g	NA	89.6	6.25	0.62	1.1	7	213.71	28.38	2.03	1.51	https://www.marmiton.org/recettes/recette_boeuf-bourguignon-rapide_19218.aspx
La Vraie Moussaka Grecque	Pomme de terre	Solanum tuberosum	650 g	122.85 g	NA	81.1	NA	0.3	1.44	9	284.22	27.08	1.76	2.04	https://www.marmiton.org/recettes/recette_la-vraie-moussaka-grecque_72593.aspx
La Vraie Moussaka Grecque	Boeuf haché	Bos taurus	500 g	187.5 g	NA	62.5	2.48	13.6	15.8	9	284.22	27.08	1.76	2.04	https://www.marmiton.org/recettes/recette_la-vraie-moussaka-grecque_72593.aspx
La Vraie Moussaka Grecque	Tomate	Solanum lycopersicum	500 g	59.0 g	NA	88.2	8.53	0.2	2.05	9	284.22	27.08	1.76	2.04	https://www.marmiton.org/recettes/recette_la-vraie-moussaka-grecque_72593.aspx
La Vraie Moussaka Grecque	Oignon	Allium cepa	120 g	12.48 g	NA	89.6	6.25	0.62	1.1	9	284.22	27.08	1.76	2.04	https://www.marmiton.org/recettes/recette_la-vraie-moussaka-grecque_72593.aspx
La Vraie Moussaka Grecque	Huile d'olive	Olea europaea	30 g	29.97 g	3700.0	0.1	0	99.9	 0.5	9	284.22	27.08	1.76	2.04	https://www.marmiton.org/recettes/recette_la-vraie-moussaka-grecque_72593.aspx
La Vraie Moussaka Grecque	Beurre	Bos taurus	20 g	16.92 g	3100.0	15.4	0.9	82.9	0.7	9	284.22	27.08	1.76	2.04	https://www.marmiton.org/recettes/recette_la-vraie-moussaka-grecque_72593.aspx
La Vraie Moussaka Grecque	Cannelle	Cinnamomum verum	5 g	4.47 g	1000.0	10.6	27.5	1.22	3.87	9	284.22	27.08	1.76	2.04	https://www.marmiton.org/recettes/recette_la-vraie-moussaka-grecque_72593.aspx
La Vraie Moussaka Grecque	Miel	Apis	15 g	12.36 g	NA	17.6	81.7	0	0.56	9	284.22	27.08	1.76	2.04	https://www.marmiton.org/recettes/recette_la-vraie-moussaka-grecque_72593.aspx
La Vraie Moussaka Grecque	Muscade	Myristica fragrans	1 g	0.94 g	2100.0	6.22	28.5	36.3	5.3	9	284.22	27.08	1.76	2.04	https://www.marmiton.org/recettes/recette_la-vraie-moussaka-grecque_72593.aspx
La Vraie Moussaka Grecque	Poivre	Piper nigrum	1 g	0.91 g	1380.0	9	39.5	7.5	13.3	9	284.22	27.08	1.76	2.04	https://www.marmiton.org/recettes/recette_la-vraie-moussaka-grecque_72593.aspx
La Vraie Moussaka Grecque	Sel	NA	1 g	1.0 g	0.0	0.027	0	0	0	9	284.22	27.08	1.76	2.04	https://www.marmiton.org/recettes/recette_la-vraie-moussaka-grecque_72593.aspx
La Vraie Moussaka Grecque	Farine...	NA	45 g	NA	NA	NA	NA	NA	NA	9	284.22	27.08	1.76	2.04	https://www.marmiton.org/recettes/recette_la-vraie-moussaka-grecque_72593.aspx
Amour de saumon en papillote	Champignon de paris	Dikarya	200 g	12.2 g	118.0	93.9	3.15	0.36	2.62	7	168.67	31.07	1.31	0.31	https://www.marmiton.org/recettes/recette_amour-de-saumon-en-papillote_21494.aspx
Amour de saumon en papillote	Ail	Allium sativum	40 g	12.88 g	470.0	67.8	18.6	 0.5	5.31	7	168.67	31.07	1.31	0.31	https://www.marmiton.org/recettes/recette_amour-de-saumon-en-papillote_21494.aspx
Amour de saumon en papillote	Aneth	Anethum graveolens	5 g	0.7 g	202.0	86	3.9	1.1	3.93	7	168.67	31.07	1.31	0.31	https://www.marmiton.org/recettes/recette_amour-de-saumon-en-papillote_21494.aspx
Amour de saumon en papillote	Huile d'olive	Olea europaea	15 g	14.98 g	3700.0	0.1	0	99.9	 0.5	7	168.67	31.07	1.31	0.31	https://www.marmiton.org/recettes/recette_amour-de-saumon-en-papillote_21494.aspx
Amour de saumon en papillote	Citron	Citrus limon	15 g	2.05 g	170.0	86.3	3.14	 0.3	1.13	7	168.67	31.07	1.31	0.31	https://www.marmiton.org/recettes/recette_amour-de-saumon-en-papillote_21494.aspx
Amour de saumon en papillote	Sel	NA	1 g	1.0 g	0.0	0.027	0	0	0	7	168.67	31.07	1.31	0.31	https://www.marmiton.org/recettes/recette_amour-de-saumon-en-papillote_21494.aspx
Amour de saumon en papillote	Poivre	Piper nigrum	1 g	0.91 g	1380.0	9	39.5	7.5	13.3	7	168.67	31.07	1.31	0.31	https://www.marmiton.org/recettes/recette_amour-de-saumon-en-papillote_21494.aspx
Amour de saumon en papillote	Saumon frais	Salmo salar	150 g	50.25 g	807.0	66.5	NA	12.4	20.5	7	168.67	31.07	1.31	0.31	https://www.marmiton.org/recettes/recette_amour-de-saumon-en-papillote_21494.aspx
Velouté de champignons	Oignon	Allium cepa	120 g	12.48 g	NA	89.6	6.25	0.62	1.1	7	229.14	28.89	1.63	0.13	https://www.marmiton.org/recettes/recette_veloute-de-champignons_26749.aspx
Velouté de champignons	Champignon de paris	Dikarya	250 g	15.25 g	118.0	93.9	3.15	0.36	2.62	7	229.14	28.89	1.63	0.13	https://www.marmiton.org/recettes/recette_veloute-de-champignons_26749.aspx
Velouté de champignons	Farine	Triticum aestivum	30 g	26.25 g	1480.0	12.5	73.7	1	9.03	7	229.14	28.89	1.63	0.13	https://www.marmiton.org/recettes/recette_veloute-de-champignons_26749.aspx
Velouté de champignons	Bouillon	NA	25 cl	243.5 g	1000.0	2.6	19.7	13.3	10.2	7	229.14	28.89	1.63	0.13	https://www.marmiton.org/recettes/recette_veloute-de-champignons_26749.aspx
Velouté de champignons	Lait	Bos taurus	50 cl	53.0 g	198.0	89.4	4.83	1.55	3.38	7	229.14	28.89	1.63	0.13	https://www.marmiton.org/recettes/recette_veloute-de-champignons_26749.aspx
Velouté de champignons	Citron	Citrus limon	50 g	6.85 g	170.0	86.3	3.14	 0.3	1.13	7	229.14	28.89	1.63	0.13	https://www.marmiton.org/recettes/recette_veloute-de-champignons_26749.aspx
Velouté de champignons	Crème fraîche	Bos taurus	30 g	10.35 g	1250.0	65.5	2.8	30.7	3	7	229.14	28.89	1.63	0.13	https://www.marmiton.org/recettes/recette_veloute-de-champignons_26749.aspx
Velouté de champignons	Persil	Petroselinum crispum	5 g	0.72 g	180.0	85.5	3.48	0.63	3.71	7	229.14	28.89	1.63	0.13	https://www.marmiton.org/recettes/recette_veloute-de-champignons_26749.aspx
Velouté de champignons	Sel	NA	1 g	1.0 g	0.0	0.027	0	0	0	7	229.14	28.89	1.63	0.13	https://www.marmiton.org/recettes/recette_veloute-de-champignons_26749.aspx
Velouté de champignons	Poivre	Piper nigrum	1 g	0.91 g	1380.0	9	39.5	7.5	13.3	7	229.14	28.89	1.63	0.13	https://www.marmiton.org/recettes/recette_veloute-de-champignons_26749.aspx
Bar au four	Citron	Citrus limon	50 g	6.85 g	170.0	86.3	3.14	 0.3	1.13	8	182.86	38.14	1.01	1.65	https://www.marmiton.org/recettes/recette_bar-au-four_21505.aspx
Bar au four	Thym	Thymus vulgaris	5 g	1.75 g	446.0	65.1	10.5	1.68	5.56	8	182.86	38.14	1.01	1.65	https://www.marmiton.org/recettes/recette_bar-au-four_21505.aspx
Bar au four	Huile d'olive	Olea europaea	30 g	29.97 g	3700.0	0.1	0	99.9	 0.5	8	182.86	38.14	1.01	1.65	https://www.marmiton.org/recettes/recette_bar-au-four_21505.aspx
Bar au four	Vin blanc sec	Vitis	10 cl	12.2 g	NA	87.8	4.04	0	 0.5	8	182.86	38.14	1.01	1.65	https://www.marmiton.org/recettes/recette_bar-au-four_21505.aspx
Bar au four	Sel	NA	1 g	1.0 g	0.0	0.027	0	0	0	8	182.86	38.14	1.01	1.65	https://www.marmiton.org/recettes/recette_bar-au-four_21505.aspx
Bar au four	Poivre	Piper nigrum	1 g	0.91 g	1380.0	9	39.5	7.5	13.3	8	182.86	38.14	1.01	1.65	https://www.marmiton.org/recettes/recette_bar-au-four_21505.aspx
Bar au four	Bar	Anarhichas lupus	400 g	123.6 g	617.0	69.1	NA	6.51	22.2	8	182.86	38.14	1.01	1.65	https://www.marmiton.org/recettes/recette_bar-au-four_21505.aspx
Bar au four	Oignon	Allium cepa	120 g	12.48 g	NA	89.6	6.25	0.62	1.1	8	182.86	38.14	1.01	1.65	https://www.marmiton.org/recettes/recette_bar-au-four_21505.aspx
Bar au four	Laurier	Laurus nobilis	3 g	2.84 g	1480.0	5.44	48.6	8.36	7.61	8	182.86	38.14	1.01	1.65	https://www.marmiton.org/recettes/recette_bar-au-four_21505.aspx
Filet mignon de porc au Maroilles	Vin blanc	Vitis	10 cl	12.2 g	NA	87.8	4.04	0	 0.5	4	152.0	32.25	-0.1	3.37	https://www.marmiton.org/recettes/recette_filet-mignon-de-porc-au-maroilles_12734.aspx
Filet mignon de porc au Maroilles	Oignon	Allium cepa	120 g	12.48 g	NA	89.6	6.25	0.62	1.1	4	152.0	32.25	-0.1	3.37	https://www.marmiton.org/recettes/recette_filet-mignon-de-porc-au-maroilles_12734.aspx
Filet mignon de porc au Maroilles	Crème fraîche	Bos taurus	50 cl	172.5 g	1250.0	65.5	2.8	30.7	3	4	152.0	32.25	-0.1	3.37	https://www.marmiton.org/recettes/recette_filet-mignon-de-porc-au-maroilles_12734.aspx
Filet mignon de porc au Maroilles	Maroilles	Bos taurus	250 g	129.25 g	1350.0	48.3	NA	26.4	21.9	4	152.0	32.25	-0.1	3.37	https://www.marmiton.org/recettes/recette_filet-mignon-de-porc-au-maroilles_12734.aspx
Filet mignon de porc au Maroilles	Poivre	Piper nigrum	1 g	0.91 g	1380.0	9	39.5	7.5	13.3	4	152.0	32.25	-0.1	3.37	https://www.marmiton.org/recettes/recette_filet-mignon-de-porc-au-maroilles_12734.aspx
Filet mignon de porc au Maroilles	Sel	NA	1 g	1.0 g	0.0	0.027	0	0	0	4	152.0	32.25	-0.1	3.37	https://www.marmiton.org/recettes/recette_filet-mignon-de-porc-au-maroilles_12734.aspx
Chili con carne facile	Cumin en poudre	Cuminum cyminum	10 g	9.19 g	1780.0	8.06	33.7	22.3	17.8	8	255.5	37.38	-1.12	7.63	https://www.marmiton.org/recettes/recette_chili-con-carne-facile_15415.aspx
Chili con carne facile	Concentré de tomates	Solanum lycopersicum	65 g	18.2 g	419.0	72	17.1	0.53	4.4	8	255.5	37.38	-1.12	7.63	https://www.marmiton.org/recettes/recette_chili-con-carne-facile_15415.aspx
Chili con carne facile	Haricots rouges	Phaseolus vulgaris	200 g	70.0 g	487.0	65	12.3	0.6	9.63	8	255.5	37.38	-1.12	7.63	https://www.marmiton.org/recettes/recette_chili-con-carne-facile_15415.aspx
Chili con carne facile	Bouillon de boeuf	NA	30 cl	7.2 g	38.3	97.6	1.33	0.15	0.6	8	255.5	37.38	-1.12	7.63	https://www.marmiton.org/recettes/recette_chili-con-carne-facile_15415.aspx
Chili con carne facile	Sel	NA	1 g	1.0 g	0.0	0.027	0	0	0	8	255.5	37.38	-1.12	7.63	https://www.marmiton.org/recettes/recette_chili-con-carne-facile_15415.aspx
Chili con carne facile	Poivre	Piper nigrum	1 g	0.91 g	1380.0	9	39.5	7.5	13.3	8	255.5	37.38	-1.12	7.63	https://www.marmiton.org/recettes/recette_chili-con-carne-facile_15415.aspx
Chili con carne facile	Persil	Petroselinum crispum	5 g	0.72 g	180.0	85.5	3.48	0.63	3.71	8	255.5	37.38	-1.12	7.63	https://www.marmiton.org/recettes/recette_chili-con-carne-facile_15415.aspx
Chili con carne facile	Beurre	Bos taurus	50 g	42.3 g	3100.0	15.4	0.9	82.9	0.7	8	255.5	37.38	-1.12	7.63	https://www.marmiton.org/recettes/recette_chili-con-carne-facile_15415.aspx
Chili con carne facile	Oignon	Allium cepa	240 g	24.96 g	NA	89.6	6.25	0.62	1.1	8	255.5	37.38	-1.12	7.63	https://www.marmiton.org/recettes/recette_chili-con-carne-facile_15415.aspx
Chili con carne facile	Boeuf haché	Bos taurus	500 g	187.5 g	NA	62.5	2.48	13.6	15.8	8	255.5	37.38	-1.12	7.63	https://www.marmiton.org/recettes/recette_chili-con-carne-facile_15415.aspx
Chili con carne facile	Chili	Capsicum annuum	5 g	0.61 g	NA	87.9	7.7	0.32	1.87	8	255.5	37.38	-1.12	7.63	https://www.marmiton.org/recettes/recette_chili-con-carne-facile_15415.aspx
Couscous poulet et merguez facile	Huile d'olive	Olea europaea	15 g	14.98 g	3700.0	0.1	0	99.9	 0.5	6	184.0	40.72	-5.1	20.72	https://www.marmiton.org/recettes/recette_couscous-poulet-et-merguez-facile_17751.aspx
Couscous poulet et merguez facile	Concentré de tomates	Solanum lycopersicum	100 g	28.0 g	419.0	72	17.1	0.53	4.4	6	184.0	40.72	-5.1	20.72	https://www.marmiton.org/recettes/recette_couscous-poulet-et-merguez-facile_17751.aspx
Couscous poulet et merguez facile	Épices à couscous	NA	15 g	NA	NA	NA	NA	NA	NA	6	184.0	40.72	-5.1	20.72	https://www.marmiton.org/recettes/recette_couscous-poulet-et-merguez-facile_17751.aspx
Couscous poulet et merguez facile	Harissa	NA	5 g	NA	NA	NA	NA	NA	NA	6	184.0	40.72	-5.1	20.72	https://www.marmiton.org/recettes/recette_couscous-poulet-et-merguez-facile_17751.aspx
Couscous poulet et merguez facile	Cube de bouillon	NA	NA 	NA	38.3	97.6	1.33	0.15	0.6	6	184.0	40.72	-5.1	20.72	https://www.marmiton.org/recettes/recette_couscous-poulet-et-merguez-facile_17751.aspx
Couscous poulet et merguez facile	Tomate	Solanum lycopersicum	300 g	35.4 g	NA	88.2	8.53	0.2	2.05	6	184.0	40.72	-5.1	20.72	https://www.marmiton.org/recettes/recette_couscous-poulet-et-merguez-facile_17751.aspx
Couscous poulet et merguez facile	Carotte	Daucus carota	250 g	29.75 g	169.0	88.1	7.59	 0.5	0.63	6	184.0	40.72	-5.1	20.72	https://www.marmiton.org/recettes/recette_couscous-poulet-et-merguez-facile_17751.aspx
Couscous poulet et merguez facile	Courgette	Cucurbita pepo	300 g	15.9 g	69.4	94.7	1.8	0.26	1.23	6	184.0	40.72	-5.1	20.72	https://www.marmiton.org/recettes/recette_couscous-poulet-et-merguez-facile_17751.aspx
Couscous poulet et merguez facile	Pois chiches	Cicer arietinum	400 g	152.0 g	618.0	62	17.7	3	8.31	6	184.0	40.72	-5.1	20.72	https://www.marmiton.org/recettes/recette_couscous-poulet-et-merguez-facile_17751.aspx
Couscous poulet et merguez facile	Pilon de poulet	Gallus gallus	1500 g	424.5 g	648.0	71.7	0	9.05	18.4	6	184.0	40.72	-5.1	20.72	https://www.marmiton.org/recettes/recette_couscous-poulet-et-merguez-facile_17751.aspx
Couscous poulet et merguez facile	Navet	NA	200 g	16.2 g	NA	91.9	4.7	0.1	0.76	6	184.0	40.72	-5.1	20.72	https://www.marmiton.org/recettes/recette_couscous-poulet-et-merguez-facile_17751.aspx
Carbonades flamandes traditionnelles	Cassonade	Saccharum officinarum	15 g	14.8 g	NA	1.31	97.3	0	0.12	6	192.8	32.92	1.34	2.14	https://www.marmiton.org/recettes/recette_carbonades-flamandes-traditionnelles_29711.aspx
Carbonades flamandes traditionnelles	Bouquet garni	NA	6 g	NA	NA	NA	NA	NA	NA	6	192.8	32.92	1.34	2.14	https://www.marmiton.org/recettes/recette_carbonades-flamandes-traditionnelles_29711.aspx
Carbonades flamandes traditionnelles	Bière brune	NA	1 l	73.0 g	NA	92.7	4.1	NA	0.43	6	192.8	32.92	1.34	2.14	https://www.marmiton.org/recettes/recette_carbonades-flamandes-traditionnelles_29711.aspx
Carbonades flamandes traditionnelles	Oignon	Allium cepa	400 g	41.6 g	NA	89.6	6.25	0.62	1.1	6	192.8	32.92	1.34	2.14	https://www.marmiton.org/recettes/recette_carbonades-flamandes-traditionnelles_29711.aspx
Carbonades flamandes traditionnelles	Lard fumé	Sus scrofa	250 g	110.75 g	1140.0	55.7	0.96	22.6	16.7	6	192.8	32.92	1.34	2.14	https://www.marmiton.org/recettes/recette_carbonades-flamandes-traditionnelles_29711.aspx
Carbonades flamandes traditionnelles	Pain d'épices	Triticum	100 g	79.6 g	NA	20.4	71.5	1.1	2.94	6	192.8	32.92	1.34	2.14	https://www.marmiton.org/recettes/recette_carbonades-flamandes-traditionnelles_29711.aspx
Carbonades flamandes traditionnelles	Beurre	Bos taurus	30 g	25.38 g	3100.0	15.4	0.9	82.9	0.7	6	192.8	32.92	1.34	2.14	https://www.marmiton.org/recettes/recette_carbonades-flamandes-traditionnelles_29711.aspx
Carbonades flamandes traditionnelles	Sel	NA	1 g	1.0 g	0.0	0.027	0	0	0	6	192.8	32.92	1.34	2.14	https://www.marmiton.org/recettes/recette_carbonades-flamandes-traditionnelles_29711.aspx
Carbonades flamandes traditionnelles	Moutarde	Brassica juncea	45 g	14.44 g	632.0	67.9	4.33	11.2	6.92	6	192.8	32.92	1.34	2.14	https://www.marmiton.org/recettes/recette_carbonades-flamandes-traditionnelles_29711.aspx
Quiche lorraine	Lardons	Sus scrofa domesticus	200 g	86.2 g	1120.0	56.9	1.01	22.1	16.6	5	189.33	25.44	1.62	1.2	https://www.marmiton.org/recettes/recette_quiche-lorraine_30283.aspx
Quiche lorraine	Beurre	Bos taurus	30 g	25.38 g	3100.0	15.4	0.9	82.9	0.7	5	189.33	25.44	1.62	1.2	https://www.marmiton.org/recettes/recette_quiche-lorraine_30283.aspx
Quiche lorraine	Oeuf	Gallus gallus	240 g	56.88 g	584.0	76.3	0.27	9.83	12.7	5	189.33	25.44	1.62	1.2	https://www.marmiton.org/recettes/recette_quiche-lorraine_30283.aspx
Quiche lorraine	Crème fraîche	Bos taurus	20 cl	69.0 g	1250.0	65.5	2.8	30.7	3	5	189.33	25.44	1.62	1.2	https://www.marmiton.org/recettes/recette_quiche-lorraine_30283.aspx
Quiche lorraine	Lait	Bos taurus	20 cl	21.2 g	198.0	89.4	4.83	1.55	3.38	5	189.33	25.44	1.62	1.2	https://www.marmiton.org/recettes/recette_quiche-lorraine_30283.aspx
Quiche lorraine	Muscade	Myristica fragrans	5 g	4.69 g	2100.0	6.22	28.5	36.3	5.3	5	189.33	25.44	1.62	1.2	https://www.marmiton.org/recettes/recette_quiche-lorraine_30283.aspx
Quiche lorraine	Sel	NA	1 g	1.0 g	0.0	0.027	0	0	0	5	189.33	25.44	1.62	1.2	https://www.marmiton.org/recettes/recette_quiche-lorraine_30283.aspx
Quiche lorraine	Poivre	Piper nigrum	1 g	0.91 g	1380.0	9	39.5	7.5	13.3	5	189.33	25.44	1.62	1.2	https://www.marmiton.org/recettes/recette_quiche-lorraine_30283.aspx
Endive jambon	Jambon	Sus scrofa domesticus	200 g	55.4 g	528.0	72.3	1.7	4.5	19.5	3	102.0	23.38	1.4	0.73	https://www.marmiton.org/recettes/recette_endive-jambon_19848.aspx
Endive jambon	Ail	Allium sativum	80 g	25.76 g	470.0	67.8	18.6	 0.5	5.31	3	102.0	23.38	1.4	0.73	https://www.marmiton.org/recettes/recette_endive-jambon_19848.aspx
Endive jambon	Crème fraîche liquide	NA	30 cl	111.3 g	1220.0	62.9	1.94	30.7	2.49	3	102.0	23.38	1.4	0.73	https://www.marmiton.org/recettes/recette_endive-jambon_19848.aspx
Endive jambon	Gruyère râpé	Bos taurus	400 g	270.0 g	1760.0	32.5	NA	34.6	28.4	3	102.0	23.38	1.4	0.73	https://www.marmiton.org/recettes/recette_endive-jambon_19848.aspx
Endive jambon	Beurre	Bos taurus	50 g	42.3 g	3100.0	15.4	0.9	82.9	0.7	3	102.0	23.38	1.4	0.73	https://www.marmiton.org/recettes/recette_endive-jambon_19848.aspx
Poulet basquaise	Poivron	Capsicum annuum	700 g	55.3 g	NA	92.1	4.55	0.27	0.8	7	170.0	38.24	-4.59	19.48	https://www.marmiton.org/recettes/recette_poulet-basquaise_16969.aspx
Poulet basquaise	Ail	Allium sativum	120 g	38.64 g	470.0	67.8	18.6	 0.5	5.31	7	170.0	38.24	-4.59	19.48	https://www.marmiton.org/recettes/recette_poulet-basquaise_16969.aspx
Poulet basquaise	Vin blanc	Vitis	20 cl	24.4 g	NA	87.8	4.04	0	 0.5	7	170.0	38.24	-4.59	19.48	https://www.marmiton.org/recettes/recette_poulet-basquaise_16969.aspx
Poulet basquaise	Bouquet garni	NA	5 g	NA	NA	NA	NA	NA	NA	7	170.0	38.24	-4.59	19.48	https://www.marmiton.org/recettes/recette_poulet-basquaise_16969.aspx
Poulet basquaise	Huile d'olive	Olea europaea	90 g	89.91 g	3700.0	0.1	0	99.9	 0.5	7	170.0	38.24	-4.59	19.48	https://www.marmiton.org/recettes/recette_poulet-basquaise_16969.aspx
Poulet basquaise	Sel	NA	1 g	1.0 g	0.0	0.027	0	0	0	7	170.0	38.24	-4.59	19.48	https://www.marmiton.org/recettes/recette_poulet-basquaise_16969.aspx
Poulet basquaise	Poivre	Piper nigrum	1 g	0.91 g	1380.0	9	39.5	7.5	13.3	7	170.0	38.24	-4.59	19.48	https://www.marmiton.org/recettes/recette_poulet-basquaise_16969.aspx
Poulet basquaise	Poulet	Gallus gallus	1500 g	424.5 g	648.0	71.7	0	9.05	18.4	7	170.0	38.24	-4.59	19.48	https://www.marmiton.org/recettes/recette_poulet-basquaise_16969.aspx
Poulet basquaise	Oignon	Allium cepa	360 g	37.44 g	NA	89.6	6.25	0.62	1.1	7	170.0	38.24	-4.59	19.48	https://www.marmiton.org/recettes/recette_poulet-basquaise_16969.aspx
Tarte thon, tomate et moutarde	Thon	Katsuwonus pelamis	200 g	66.2 g	576.0	66.9	NA	1.83	29.9	6	260.0	37.2	1.83	1.62	https://www.marmiton.org/recettes/recette_tarte-thon-tomate-et-moutarde_17226.aspx
Tarte thon, tomate et moutarde	Tomate	Solanum lycopersicum	200 g	23.6 g	NA	88.2	8.53	0.2	2.05	6	260.0	37.2	1.83	1.62	https://www.marmiton.org/recettes/recette_tarte-thon-tomate-et-moutarde_17226.aspx
Tarte thon, tomate et moutarde	Moutarde	Brassica juncea	50 g	16.05 g	632.0	67.9	4.33	11.2	6.92	6	260.0	37.2	1.83	1.62	https://www.marmiton.org/recettes/recette_tarte-thon-tomate-et-moutarde_17226.aspx
Tarte thon, tomate et moutarde	Lait	Bos taurus	45 g	4.77 g	198.0	89.4	4.83	1.55	3.38	6	260.0	37.2	1.83	1.62	https://www.marmiton.org/recettes/recette_tarte-thon-tomate-et-moutarde_17226.aspx
Tarte thon, tomate et moutarde	Sel	NA	1 g	1.0 g	0.0	0.027	0	0	0	6	260.0	37.2	1.83	1.62	https://www.marmiton.org/recettes/recette_tarte-thon-tomate-et-moutarde_17226.aspx
Tarte thon, tomate et moutarde	Poivre	Piper nigrum	1 g	0.91 g	1380.0	9	39.5	7.5	13.3	6	260.0	37.2	1.83	1.62	https://www.marmiton.org/recettes/recette_tarte-thon-tomate-et-moutarde_17226.aspx
Tarte thon, tomate et moutarde	Oeuf	Gallus gallus	160 g	37.92 g	584.0	76.3	0.27	9.83	12.7	6	260.0	37.2	1.83	1.62	https://www.marmiton.org/recettes/recette_tarte-thon-tomate-et-moutarde_17226.aspx
Tarte thon, tomate et moutarde	Crème fraîche	Bos taurus	20 cl	69.0 g	1250.0	65.5	2.8	30.7	3	6	260.0	37.2	1.83	1.62	https://www.marmiton.org/recettes/recette_tarte-thon-tomate-et-moutarde_17226.aspx
Lapin à la moutarde maison	Moutarde de dijon	NA	50 g	NA	NA	NA	NA	NA	NA	11	281.6	36.78	-3.66	17.78	https://www.marmiton.org/recettes/recette_lapin-a-la-moutarde-maison_15983.aspx
Lapin à la moutarde maison	Huile d'olive	Olea europaea	30 g	29.97 g	3700.0	0.1	0	99.9	 0.5	11	281.6	36.78	-3.66	17.78	https://www.marmiton.org/recettes/recette_lapin-a-la-moutarde-maison_15983.aspx
Lapin à la moutarde maison	Ail	Allium sativum	80 g	25.76 g	470.0	67.8	18.6	 0.5	5.31	11	281.6	36.78	-3.66	17.78	https://www.marmiton.org/recettes/recette_lapin-a-la-moutarde-maison_15983.aspx
Lapin à la moutarde maison	Thym	Thymus vulgaris	5 g	1.75 g	446.0	65.1	10.5	1.68	5.56	11	281.6	36.78	-3.66	17.78	https://www.marmiton.org/recettes/recette_lapin-a-la-moutarde-maison_15983.aspx
Lapin à la moutarde maison	Persil	Petroselinum crispum	5 g	0.72 g	180.0	85.5	3.48	0.63	3.71	11	281.6	36.78	-3.66	17.78	https://www.marmiton.org/recettes/recette_lapin-a-la-moutarde-maison_15983.aspx
Lapin à la moutarde maison	Poivre	Piper nigrum	1 g	0.91 g	1380.0	9	39.5	7.5	13.3	11	281.6	36.78	-3.66	17.78	https://www.marmiton.org/recettes/recette_lapin-a-la-moutarde-maison_15983.aspx
Lapin à la moutarde maison	Sel	NA	1 g	1.0 g	0.0	0.027	0	0	0	11	281.6	36.78	-3.66	17.78	https://www.marmiton.org/recettes/recette_lapin-a-la-moutarde-maison_15983.aspx
Lapin à la moutarde maison	Sucre	Saccharum	20 g	19.97 g	NA	0.17	99.8	0	0	11	281.6	36.78	-3.66	17.78	https://www.marmiton.org/recettes/recette_lapin-a-la-moutarde-maison_15983.aspx
Lapin à la moutarde maison	Carotte	Daucus carota	80 g	9.52 g	169.0	88.1	7.59	 0.5	0.63	11	281.6	36.78	-3.66	17.78	https://www.marmiton.org/recettes/recette_lapin-a-la-moutarde-maison_15983.aspx
Lapin à la moutarde maison	Lapin	Oryctolagus cuniculus	1 kg	412.0 g	828.0	58.8	0	8.41	30.4	11	281.6	36.78	-3.66	17.78	https://www.marmiton.org/recettes/recette_lapin-a-la-moutarde-maison_15983.aspx
Lapin à la moutarde maison	Crème fraîche	Bos taurus	20 cl	69.0 g	1250.0	65.5	2.8	30.7	3	11	281.6	36.78	-3.66	17.78	https://www.marmiton.org/recettes/recette_lapin-a-la-moutarde-maison_15983.aspx
Lapin à la moutarde maison	Échalote	Allium ascalonicum	200 g	35.4 g	269.0	82.3	12.2	 0.5	1.81	11	281.6	36.78	-3.66	17.78	https://www.marmiton.org/recettes/recette_lapin-a-la-moutarde-maison_15983.aspx
Lapin à la moutarde maison	Feuille de laurier	Laurus nobilis	5 g	4.73 g	1480.0	5.44	48.6	8.36	7.61	11	281.6	36.78	-3.66	17.78	https://www.marmiton.org/recettes/recette_lapin-a-la-moutarde-maison_15983.aspx
Quiche tatin	Pâte feuilletée	Triticum	200 g	141.0 g	1570.0	29.5	41.4	20.4	5.41	6	206.0	28.96	0.12	5.74	https://www.marmiton.org/recettes/recette_quiche-tatin_14309.aspx
Quiche tatin	Sel	NA	1 g	1.0 g	0.0	0.027	0	0	0	6	206.0	28.96	0.12	5.74	https://www.marmiton.org/recettes/recette_quiche-tatin_14309.aspx
Quiche tatin	Poivre	Piper nigrum	1 g	0.91 g	1380.0	9	39.5	7.5	13.3	6	206.0	28.96	0.12	5.74	https://www.marmiton.org/recettes/recette_quiche-tatin_14309.aspx
Quiche tatin	Lard	Sus scrofa domesticus	100 g	43.1 g	1120.0	56.9	1.01	22.1	16.6	6	206.0	28.96	0.12	5.74	https://www.marmiton.org/recettes/recette_quiche-tatin_14309.aspx
Quiche tatin	Oeuf	Gallus gallus	240 g	56.88 g	584.0	76.3	0.27	9.83	12.7	6	206.0	28.96	0.12	5.74	https://www.marmiton.org/recettes/recette_quiche-tatin_14309.aspx
Quiche tatin	Crème fraîche	Bos taurus	20 cl	69.0 g	1250.0	65.5	2.8	30.7	3	6	206.0	28.96	0.12	5.74	https://www.marmiton.org/recettes/recette_quiche-tatin_14309.aspx
Quiche tatin	Fromage de chèvre	Ovis aries	200 g	109.0 g	1460.0	45.5	NA	29.8	21.6	6	206.0	28.96	0.12	5.74	https://www.marmiton.org/recettes/recette_quiche-tatin_14309.aspx
Quiche tatin	Gruyère râpé	Bos taurus	150 g	101.25 g	1760.0	32.5	NA	34.6	28.4	6	206.0	28.96	0.12	5.74	https://www.marmiton.org/recettes/recette_quiche-tatin_14309.aspx
Boeuf braisé aux carottes	Oignon	Allium cepa	240 g	24.96 g	NA	89.6	6.25	0.62	1.1	9	200.5	22.77	1.95	0.28	https://www.marmiton.org/recettes/recette_boeuf-braise-aux-carottes_13296.aspx
Boeuf braisé aux carottes	Lard	Sus scrofa domesticus	30 g	12.93 g	1120.0	56.9	1.01	22.1	16.6	9	200.5	22.77	1.95	0.28	https://www.marmiton.org/recettes/recette_boeuf-braise-aux-carottes_13296.aspx
Boeuf braisé aux carottes	Matière grasse	NA	50 g	NA	NA	NA	NA	NA	NA	9	200.5	22.77	1.95	0.28	https://www.marmiton.org/recettes/recette_boeuf-braise-aux-carottes_13296.aspx
Boeuf braisé aux carottes	Concentré de tomates	Solanum lycopersicum	100 g	28.0 g	419.0	72	17.1	0.53	4.4	9	200.5	22.77	1.95	0.28	https://www.marmiton.org/recettes/recette_boeuf-braise-aux-carottes_13296.aspx
Boeuf braisé aux carottes	Laurier	Laurus nobilis	5 g	4.73 g	1480.0	5.44	48.6	8.36	7.61	9	200.5	22.77	1.95	0.28	https://www.marmiton.org/recettes/recette_boeuf-braise-aux-carottes_13296.aspx
Boeuf braisé aux carottes	Thym	Thymus vulgaris	5 g	1.75 g	446.0	65.1	10.5	1.68	5.56	9	200.5	22.77	1.95	0.28	https://www.marmiton.org/recettes/recette_boeuf-braise-aux-carottes_13296.aspx
Boeuf braisé aux carottes	Sauge	Salvia pratensis	5 g	0.72 g	152.0	85.6	0.97	 0.5	4	9	200.5	22.77	1.95	0.28	https://www.marmiton.org/recettes/recette_boeuf-braise-aux-carottes_13296.aspx
Boeuf braisé aux carottes	Bouillon de boeuf	NA	1 l	24.0 g	38.3	97.6	1.33	0.15	0.6	9	200.5	22.77	1.95	0.28	https://www.marmiton.org/recettes/recette_boeuf-braise-aux-carottes_13296.aspx
Boeuf braisé aux carottes	Poivre	Piper nigrum	1 g	0.91 g	1380.0	9	39.5	7.5	13.3	9	200.5	22.77	1.95	0.28	https://www.marmiton.org/recettes/recette_boeuf-braise-aux-carottes_13296.aspx
Boeuf braisé aux carottes	Sel	NA	1 g	1.0 g	0.0	0.027	0	0	0	9	200.5	22.77	1.95	0.28	https://www.marmiton.org/recettes/recette_boeuf-braise-aux-carottes_13296.aspx
Boeuf braisé aux carottes	Ail	Allium sativum	80 g	25.76 g	470.0	67.8	18.6	 0.5	5.31	9	200.5	22.77	1.95	0.28	https://www.marmiton.org/recettes/recette_boeuf-braise-aux-carottes_13296.aspx
Boeuf braisé aux carottes	Carotte	Daucus carota	200 g	23.8 g	169.0	88.1	7.59	 0.5	0.63	9	200.5	22.77	1.95	0.28	https://www.marmiton.org/recettes/recette_boeuf-braise-aux-carottes_13296.aspx
Chili con carne express	Haricots rouges	Phaseolus vulgaris	400 g	140.0 g	487.0	65	12.3	0.6	9.63	7	174.0	NA	NA	NA	https://www.marmiton.org/recettes/recette_chili-con-carne-express_14369.aspx
Chili con carne express	Poivre	Piper nigrum	1 g	0.91 g	1380.0	9	39.5	7.5	13.3	7	174.0	NA	NA	NA	https://www.marmiton.org/recettes/recette_chili-con-carne-express_14369.aspx
Chili con carne express	Sel	NA	1 g	1.0 g	0.0	0.027	0	0	0	7	174.0	NA	NA	NA	https://www.marmiton.org/recettes/recette_chili-con-carne-express_14369.aspx
Chili con carne express	Huile d'olive	Olea europaea	15 g	14.98 g	3700.0	0.1	0	99.9	 0.5	7	174.0	NA	NA	NA	https://www.marmiton.org/recettes/recette_chili-con-carne-express_14369.aspx
Chili con carne express	Oignon	Allium cepa	120 g	12.48 g	NA	89.6	6.25	0.62	1.1	7	174.0	NA	NA	NA	https://www.marmiton.org/recettes/recette_chili-con-carne-express_14369.aspx
Chili con carne express	Viande hachée	Bos taurus	400 g	150.0 g	NA	62.5	2.48	13.6	15.8	7	174.0	NA	NA	NA	https://www.marmiton.org/recettes/recette_chili-con-carne-express_14369.aspx
Chili con carne express	Tomates pelées	Solanum lycopersicum	400 g	NA	NA	NA	NA	NA	NA	7	174.0	NA	NA	NA	https://www.marmiton.org/recettes/recette_chili-con-carne-express_14369.aspx
Chili con carne express	Chili	Capsicum annuum	5 g	0.61 g	NA	87.9	7.7	0.32	1.87	7	174.0	NA	NA	NA	https://www.marmiton.org/recettes/recette_chili-con-carne-express_14369.aspx
Tatin de magret de canard au foie gras	Pain de mie	Triticum	50 g	32.3 g	1110.0	35.4	43.7	4.06	8.51	3	136.67	NA	NA	NA	https://www.marmiton.org/recettes/recette_tatin-de-magret-de-canard-au-foie-gras_17047.aspx
Tatin de magret de canard au foie gras	Calvados	NA	5 g	NA	NA	NA	NA	NA	NA	3	136.67	NA	NA	NA	https://www.marmiton.org/recettes/recette_tatin-de-magret-de-canard-au-foie-gras_17047.aspx
Tatin de magret de canard au foie gras	Magret de canard fumé	Anas platyrhynchos	200 g	NA	NA	NA	NA	NA	NA	3	136.67	NA	NA	NA	https://www.marmiton.org/recettes/recette_tatin-de-magret-de-canard-au-foie-gras_17047.aspx
Tatin de magret de canard au foie gras	Foie gras	Anas platyrhynchos	50 g	32.45 g	2200.0	35.1	2.32	54.6	8.41	3	136.67	NA	NA	NA	https://www.marmiton.org/recettes/recette_tatin-de-magret-de-canard-au-foie-gras_17047.aspx
Tatin de magret de canard au foie gras	Beurre	Bos taurus	20 g	16.92 g	3100.0	15.4	0.9	82.9	0.7	3	136.67	NA	NA	NA	https://www.marmiton.org/recettes/recette_tatin-de-magret-de-canard-au-foie-gras_17047.aspx
Rôti de porc de Dijon	Moutarde de dijon	NA	30 g	NA	NA	NA	NA	NA	NA	4	126.0	NA	NA	NA	https://www.marmiton.org/recettes/recette_roti-de-porc-de-dijon_12145.aspx
Rôti de porc de Dijon	Poivre	Piper nigrum	1 g	0.91 g	1380.0	9	39.5	7.5	13.3	4	126.0	NA	NA	NA	https://www.marmiton.org/recettes/recette_roti-de-porc-de-dijon_12145.aspx
Rôti de porc de Dijon	Sel	NA	1 g	1.0 g	0.0	0.027	0	0	0	4	126.0	NA	NA	NA	https://www.marmiton.org/recettes/recette_roti-de-porc-de-dijon_12145.aspx
Rôti de porc de Dijon	Rôti de porc	Sus scrofa	1 kg	362.0 g	689.0	63.8	0.65	4.31	30.5	4	126.0	NA	NA	NA	https://www.marmiton.org/recettes/recette_roti-de-porc-de-dijon_12145.aspx
Rôti de porc de Dijon	Échalote	Allium ascalonicum	400 g	70.8 g	269.0	82.3	12.2	 0.5	1.81	4	126.0	NA	NA	NA	https://www.marmiton.org/recettes/recette_roti-de-porc-de-dijon_12145.aspx
Rôti de porc de Dijon	Crème fraîche allégée	Bos taurus	20 cl	NA	NA	NA	NA	NA	NA	4	126.0	NA	NA	NA	https://www.marmiton.org/recettes/recette_roti-de-porc-de-dijon_12145.aspx
Tajine d'agneau aux pruneaux	Huile d'olive	Olea europaea	30 g	29.97 g	3700.0	0.1	0	99.9	 0.5	10	259.33	NA	NA	NA	https://www.marmiton.org/recettes/recette_tajine-d-agneau-aux-pruneaux_13086.aspx
Tajine d'agneau aux pruneaux	Ail	Allium sativum	80 g	25.76 g	470.0	67.8	18.6	 0.5	5.31	10	259.33	NA	NA	NA	https://www.marmiton.org/recettes/recette_tajine-d-agneau-aux-pruneaux_13086.aspx
Tajine d'agneau aux pruneaux	Cannelle	Cinnamomum verum	3 g	2.68 g	1000.0	10.6	27.5	1.22	3.87	10	259.33	NA	NA	NA	https://www.marmiton.org/recettes/recette_tajine-d-agneau-aux-pruneaux_13086.aspx
Tajine d'agneau aux pruneaux	Gingembre	Zingiber officinale	3 g	2.7 g	1410.0	9.94	58.3	4.24	8.98	10	259.33	NA	NA	NA	https://www.marmiton.org/recettes/recette_tajine-d-agneau-aux-pruneaux_13086.aspx
Tajine d'agneau aux pruneaux	Safran	Crocus sativus	1 g	0.88 g	1490.0	11.9	61.5	5.85	11.4	10	259.33	NA	NA	NA	https://www.marmiton.org/recettes/recette_tajine-d-agneau-aux-pruneaux_13086.aspx
Tajine d'agneau aux pruneaux	Coriandre	Coriandrum sativum	5 g	4.56 g	1430.0	8.88	13	17.8	12.4	10	259.33	NA	NA	NA	https://www.marmiton.org/recettes/recette_tajine-d-agneau-aux-pruneaux_13086.aspx
Tajine d'agneau aux pruneaux	Amandes	Prunus dulcis	100 g	95.49 g	NA	4.51	8.76	52.5	21.4	10	259.33	NA	NA	NA	https://www.marmiton.org/recettes/recette_tajine-d-agneau-aux-pruneaux_13086.aspx
Tajine d'agneau aux pruneaux	Miel	Apis	45 g	37.08 g	NA	17.6	81.7	0	0.56	10	259.33	NA	NA	NA	https://www.marmiton.org/recettes/recette_tajine-d-agneau-aux-pruneaux_13086.aspx
Tajine d'agneau aux pruneaux	Thé	NA	5 g	4.54 g	957.0	9.3	6.3	2	19.4	10	259.33	NA	NA	NA	https://www.marmiton.org/recettes/recette_tajine-d-agneau-aux-pruneaux_13086.aspx
Tajine d'agneau aux pruneaux	Oignon	Allium cepa	500 g	52.0 g	NA	89.6	6.25	0.62	1.1	10	259.33	NA	NA	NA	https://www.marmiton.org/recettes/recette_tajine-d-agneau-aux-pruneaux_13086.aspx
Tajine d'agneau aux pruneaux	Épaule d'agneau	Ovis aries	1500 g	NA	NA	NA	NA	NA	NA	10	259.33	NA	NA	NA	https://www.marmiton.org/recettes/recette_tajine-d-agneau-aux-pruneaux_13086.aspx
Poulet curry et oignons facile	Cumin	Cuminum cyminum	5 g	4.6 g	1780.0	8.06	33.7	22.3	17.8	6	203.6	NA	NA	NA	https://www.marmiton.org/recettes/recette_poulet-curry-et-oignons-facile_13026.aspx
Poulet curry et oignons facile	Piment	Capsicum annuum	20 g	2.42 g	NA	87.9	7.7	0.32	1.87	6	203.6	NA	NA	NA	https://www.marmiton.org/recettes/recette_poulet-curry-et-oignons-facile_13026.aspx
Poulet curry et oignons facile	Poivre	Piper nigrum	1 g	0.91 g	1380.0	9	39.5	7.5	13.3	6	203.6	NA	NA	NA	https://www.marmiton.org/recettes/recette_poulet-curry-et-oignons-facile_13026.aspx
Poulet curry et oignons facile	Sel	NA	1 g	1.0 g	0.0	0.027	0	0	0	6	203.6	NA	NA	NA	https://www.marmiton.org/recettes/recette_poulet-curry-et-oignons-facile_13026.aspx
Poulet curry et oignons facile	Blanc de poulet	Gallus gallus	800 g	NA	NA	NA	NA	NA	NA	6	203.6	NA	NA	NA	https://www.marmiton.org/recettes/recette_poulet-curry-et-oignons-facile_13026.aspx
Poulet curry et oignons facile	Oignon jaune	Allium cepa	240 g	26.4 g	159.0	89	6.39	 0.5	1.19	6	203.6	NA	NA	NA	https://www.marmiton.org/recettes/recette_poulet-curry-et-oignons-facile_13026.aspx
Poulet curry et oignons facile	Crème fraîche allégée	Bos taurus	50 g	NA	NA	NA	NA	NA	NA	6	203.6	NA	NA	NA	https://www.marmiton.org/recettes/recette_poulet-curry-et-oignons-facile_13026.aspx
Blanc de poulet aux endives, champignons et lardons	Endive	Cichorium intybus	100 g	5.7 g	84.8	94.3	2.83	 0.5	1.19	8	269.5	31.75	2.05	0.49	https://www.marmiton.org/recettes/recette_blanc-de-poulet-aux-endives-champignons-et-lardons_35733.aspx
Blanc de poulet aux endives, champignons et lardons	Oignon	Allium cepa	120 g	12.48 g	NA	89.6	6.25	0.62	1.1	8	269.5	31.75	2.05	0.49	https://www.marmiton.org/recettes/recette_blanc-de-poulet-aux-endives-champignons-et-lardons_35733.aspx
Blanc de poulet aux endives, champignons et lardons	Lardons fumés	Sus scrofa	125 g	55.38 g	1140.0	55.7	0.96	22.6	16.7	8	269.5	31.75	2.05	0.49	https://www.marmiton.org/recettes/recette_blanc-de-poulet-aux-endives-champignons-et-lardons_35733.aspx
Blanc de poulet aux endives, champignons et lardons	Champignon de paris	Dikarya	200 g	12.2 g	118.0	93.9	3.15	0.36	2.62	8	269.5	31.75	2.05	0.49	https://www.marmiton.org/recettes/recette_blanc-de-poulet-aux-endives-champignons-et-lardons_35733.aspx
Blanc de poulet aux endives, champignons et lardons	Crème fraîche	Bos taurus	50 g	17.25 g	1250.0	65.5	2.8	30.7	3	8	269.5	31.75	2.05	0.49	https://www.marmiton.org/recettes/recette_blanc-de-poulet-aux-endives-champignons-et-lardons_35733.aspx
Blanc de poulet aux endives, champignons et lardons	Cognac	NA	15 g	NA	NA	NA	NA	NA	NA	8	269.5	31.75	2.05	0.49	https://www.marmiton.org/recettes/recette_blanc-de-poulet-aux-endives-champignons-et-lardons_35733.aspx
Blanc de poulet aux endives, champignons et lardons	Farine	Triticum aestivum	15 g	13.12 g	1480.0	12.5	73.7	1	9.03	8	269.5	31.75	2.05	0.49	https://www.marmiton.org/recettes/recette_blanc-de-poulet-aux-endives-champignons-et-lardons_35733.aspx
Blanc de poulet aux endives, champignons et lardons	Beurre	Bos taurus	30 g	25.38 g	3100.0	15.4	0.9	82.9	0.7	8	269.5	31.75	2.05	0.49	https://www.marmiton.org/recettes/recette_blanc-de-poulet-aux-endives-champignons-et-lardons_35733.aspx
Blanc de poulet aux endives, champignons et lardons	Persil	Petroselinum crispum	5 g	0.72 g	180.0	85.5	3.48	0.63	3.71	8	269.5	31.75	2.05	0.49	https://www.marmiton.org/recettes/recette_blanc-de-poulet-aux-endives-champignons-et-lardons_35733.aspx
Blanc de poulet aux endives, champignons et lardons	Poivre	Piper nigrum	1 g	0.91 g	1380.0	9	39.5	7.5	13.3	8	269.5	31.75	2.05	0.49	https://www.marmiton.org/recettes/recette_blanc-de-poulet-aux-endives-champignons-et-lardons_35733.aspx
Blanc de poulet aux endives, champignons et lardons	Sel	NA	1 g	1.0 g	0.0	0.027	0	0	0	8	269.5	31.75	2.05	0.49	https://www.marmiton.org/recettes/recette_blanc-de-poulet-aux-endives-champignons-et-lardons_35733.aspx
Rôti de cheval au vin rouge	Endive	Cichorium intybus	100 g	5.7 g	84.8	94.3	2.83	 0.5	1.19	8	269.5	31.75	2.05	0.49	https://www.marmiton.org/recettes/recette_roti-de-cheval-au-vin-rouge_44643.aspx
Rôti de cheval au vin rouge	Oignon	Allium cepa	120 g	12.48 g	NA	89.6	6.25	0.62	1.1	8	269.5	31.75	2.05	0.49	https://www.marmiton.org/recettes/recette_roti-de-cheval-au-vin-rouge_44643.aspx
Rôti de cheval au vin rouge	Lardons fumés	Sus scrofa	125 g	55.38 g	1140.0	55.7	0.96	22.6	16.7	8	269.5	31.75	2.05	0.49	https://www.marmiton.org/recettes/recette_roti-de-cheval-au-vin-rouge_44643.aspx
Rôti de cheval au vin rouge	Champignon de paris	Dikarya	200 g	12.2 g	118.0	93.9	3.15	0.36	2.62	8	269.5	31.75	2.05	0.49	https://www.marmiton.org/recettes/recette_roti-de-cheval-au-vin-rouge_44643.aspx
Rôti de cheval au vin rouge	Crème fraîche	Bos taurus	50 g	17.25 g	1250.0	65.5	2.8	30.7	3	8	269.5	31.75	2.05	0.49	https://www.marmiton.org/recettes/recette_roti-de-cheval-au-vin-rouge_44643.aspx
Rôti de cheval au vin rouge	Cognac	NA	15 g	NA	NA	NA	NA	NA	NA	8	269.5	31.75	2.05	0.49	https://www.marmiton.org/recettes/recette_roti-de-cheval-au-vin-rouge_44643.aspx
Rôti de cheval au vin rouge	Farine	Triticum aestivum	15 g	13.12 g	1480.0	12.5	73.7	1	9.03	8	269.5	31.75	2.05	0.49	https://www.marmiton.org/recettes/recette_roti-de-cheval-au-vin-rouge_44643.aspx
Rôti de cheval au vin rouge	Beurre	Bos taurus	30 g	25.38 g	3100.0	15.4	0.9	82.9	0.7	8	269.5	31.75	2.05	0.49	https://www.marmiton.org/recettes/recette_roti-de-cheval-au-vin-rouge_44643.aspx
Rôti de cheval au vin rouge	Persil	Petroselinum crispum	5 g	0.72 g	180.0	85.5	3.48	0.63	3.71	8	269.5	31.75	2.05	0.49	https://www.marmiton.org/recettes/recette_roti-de-cheval-au-vin-rouge_44643.aspx
Rôti de cheval au vin rouge	Poivre	Piper nigrum	1 g	0.91 g	1380.0	9	39.5	7.5	13.3	8	269.5	31.75	2.05	0.49	https://www.marmiton.org/recettes/recette_roti-de-cheval-au-vin-rouge_44643.aspx
Rôti de cheval au vin rouge	Sel	NA	1 g	1.0 g	0.0	0.027	0	0	0	8	269.5	31.75	2.05	0.49	https://www.marmiton.org/recettes/recette_roti-de-cheval-au-vin-rouge_44643.aspx

